<application>
  <component name="NotificationConfiguration">
    <notification groupId="Build Errors" displayType="NONE" playSound="true" />
    <notification groupId="Execution" playSound="true" />
    <notification groupId="External Executable Critical Failures" displayType="STICKY_BALLOON" playSound="true" />
    <notification groupId="File Watchers" playSound="true" />
    <notification groupId="IDE Errors" displayType="NONE" playSound="true" />
    <notification groupId="Project Startup Tasks Messages" displayType="NONE" playSound="true" />
  </component>
</application>