<application>
  <component name="AdvancedSettings">
    <option name="settings">
      <map>
        <entry key="bigger.font.in.project.view" value="true" />
        <entry key="documentation.components.enable.highlighting.of.links" value="true" />
        <entry key="documentation.components.enable.inline.code.highlighting" value="true" />
        <entry key="editor.maximize.in.splits.on.double.click" value="true" />
        <entry key="editor.skip.copy.and.cut.for.empty.selection" value="true" />
        <entry key="ide.tree.collapse.recursively" value="false" />
        <entry key="localHistory.daysToKeep" value="10" />
        <entry key="searcheverywhere.ml.sort.files" value="true" />
        <entry key="show.diff.as.editor.tab" value="false" />
      </map>
    </option>
  </component>
</application>