<application>
  <component name="ProjectJdkTable">
    <jdk version="2">
      <name value="1.8" />
      <type value="JavaSDK" />
      <version value="version 1.8" />
      <homePath value="$USER_HOME$/Library/Developer/Xamarin/jdk/microsoft_dist_openjdk_1.8.0.25" />
      <roots>
        <annotationsPath>
          <root type="composite">
            <root url="jar://$APPLICATION_PLUGINS_DIR$/rider-android/lib/jdkAnnotations.jar!/" type="simple" />
          </root>
        </annotationsPath>
        <classPath>
          <root type="composite">
            <root url="jar://$USER_HOME$/Library/Developer/Xamarin/jdk/microsoft_dist_openjdk_1.8.0.25/jre/lib/charsets.jar!/" type="simple" />
            <root url="jar://$USER_HOME$/Library/Developer/Xamarin/jdk/microsoft_dist_openjdk_1.8.0.25/jre/lib/ext/cldrdata.jar!/" type="simple" />
            <root url="jar://$USER_HOME$/Library/Developer/Xamarin/jdk/microsoft_dist_openjdk_1.8.0.25/jre/lib/ext/dnsns.jar!/" type="simple" />
            <root url="jar://$USER_HOME$/Library/Developer/Xamarin/jdk/microsoft_dist_openjdk_1.8.0.25/jre/lib/ext/jaccess.jar!/" type="simple" />
            <root url="jar://$USER_HOME$/Library/Developer/Xamarin/jdk/microsoft_dist_openjdk_1.8.0.25/jre/lib/ext/localedata.jar!/" type="simple" />
            <root url="jar://$USER_HOME$/Library/Developer/Xamarin/jdk/microsoft_dist_openjdk_1.8.0.25/jre/lib/ext/nashorn.jar!/" type="simple" />
            <root url="jar://$USER_HOME$/Library/Developer/Xamarin/jdk/microsoft_dist_openjdk_1.8.0.25/jre/lib/ext/sunec.jar!/" type="simple" />
            <root url="jar://$USER_HOME$/Library/Developer/Xamarin/jdk/microsoft_dist_openjdk_1.8.0.25/jre/lib/ext/sunjce_provider.jar!/" type="simple" />
            <root url="jar://$USER_HOME$/Library/Developer/Xamarin/jdk/microsoft_dist_openjdk_1.8.0.25/jre/lib/ext/sunpkcs11.jar!/" type="simple" />
            <root url="jar://$USER_HOME$/Library/Developer/Xamarin/jdk/microsoft_dist_openjdk_1.8.0.25/jre/lib/ext/zipfs.jar!/" type="simple" />
            <root url="jar://$USER_HOME$/Library/Developer/Xamarin/jdk/microsoft_dist_openjdk_1.8.0.25/jre/lib/jce.jar!/" type="simple" />
            <root url="jar://$USER_HOME$/Library/Developer/Xamarin/jdk/microsoft_dist_openjdk_1.8.0.25/jre/lib/jsse.jar!/" type="simple" />
            <root url="jar://$USER_HOME$/Library/Developer/Xamarin/jdk/microsoft_dist_openjdk_1.8.0.25/jre/lib/management-agent.jar!/" type="simple" />
            <root url="jar://$USER_HOME$/Library/Developer/Xamarin/jdk/microsoft_dist_openjdk_1.8.0.25/jre/lib/resources.jar!/" type="simple" />
            <root url="jar://$USER_HOME$/Library/Developer/Xamarin/jdk/microsoft_dist_openjdk_1.8.0.25/jre/lib/rt.jar!/" type="simple" />
            <root url="jar://$USER_HOME$/Library/Developer/Xamarin/jdk/microsoft_dist_openjdk_1.8.0.25/lib/dt.jar!/" type="simple" />
            <root url="jar://$USER_HOME$/Library/Developer/Xamarin/jdk/microsoft_dist_openjdk_1.8.0.25/lib/jconsole.jar!/" type="simple" />
            <root url="jar://$USER_HOME$/Library/Developer/Xamarin/jdk/microsoft_dist_openjdk_1.8.0.25/lib/sa-jdi.jar!/" type="simple" />
            <root url="jar://$USER_HOME$/Library/Developer/Xamarin/jdk/microsoft_dist_openjdk_1.8.0.25/lib/tools.jar!/" type="simple" />
          </root>
        </classPath>
        <javadocPath>
          <root type="composite">
            <root url="https://docs.oracle.com/javase/8/docs/api/" type="simple" />
          </root>
        </javadocPath>
        <sourcePath>
          <root type="composite" />
        </sourcePath>
      </roots>
      <additional />
    </jdk>
    <jdk version="2">
      <name value="Android API 30 Platform" />
      <type value="Android SDK" />
      <version value="version 1.8" />
      <homePath value="$USER_HOME$/Library/Developer/Xamarin/android-sdk-macosx" />
      <roots>
        <annotationsPath>
          <root type="composite">
            <root url="jar://$USER_HOME$/Library/Developer/Xamarin/android-sdk-macosx/platforms/android-30/data/annotations.zip!/" type="simple" />
          </root>
        </annotationsPath>
        <classPath>
          <root type="composite">
            <root url="jar://$USER_HOME$/Library/Developer/Xamarin/android-sdk-macosx/platforms/android-30/android.jar!/" type="simple" />
            <root url="file://$USER_HOME$/Library/Developer/Xamarin/android-sdk-macosx/platforms/android-30/data/res" type="simple" />
          </root>
        </classPath>
        <javadocPath>
          <root type="composite">
            <root url="http://developer.android.com/reference/" type="simple" />
          </root>
        </javadocPath>
        <sourcePath>
          <root type="composite" />
        </sourcePath>
      </roots>
      <additional jdk="1.8" sdk="android-30" />
    </jdk>
    <jdk version="2">
      <name value="Android API 30, S preview Platform" />
      <type value="Android SDK" />
      <homePath value="$USER_HOME$/Library/Developer/Xamarin/android-sdk-macosx" />
      <roots>
        <annotationsPath>
          <root type="composite">
            <root url="jar://$USER_HOME$/Library/Developer/Xamarin/android-sdk-macosx/platforms/android-S/data/annotations.zip!/" type="simple" />
          </root>
        </annotationsPath>
        <classPath>
          <root type="composite">
            <root url="jar://$USER_HOME$/Library/Developer/Xamarin/android-sdk-macosx/platforms/android-S/android.jar!/" type="simple" />
            <root url="file://$USER_HOME$/Library/Developer/Xamarin/android-sdk-macosx/platforms/android-S/data/res" type="simple" />
          </root>
        </classPath>
        <javadocPath>
          <root type="composite">
            <root url="http://developer.android.com/reference/" type="simple" />
          </root>
        </javadocPath>
        <sourcePath>
          <root type="composite" />
        </sourcePath>
      </roots>
      <additional jdk="1.8" sdk="android-S" />
    </jdk>
    <jdk version="2">
      <name value="Android API 29 Platform" />
      <type value="Android SDK" />
      <homePath value="$USER_HOME$/Library/Developer/Xamarin/android-sdk-macosx" />
      <roots>
        <annotationsPath>
          <root type="composite">
            <root url="jar://$USER_HOME$/Library/Developer/Xamarin/android-sdk-macosx/platforms/android-29/data/annotations.zip!/" type="simple" />
          </root>
        </annotationsPath>
        <classPath>
          <root type="composite">
            <root url="jar://$USER_HOME$/Library/Developer/Xamarin/android-sdk-macosx/platforms/android-29/android.jar!/" type="simple" />
            <root url="file://$USER_HOME$/Library/Developer/Xamarin/android-sdk-macosx/platforms/android-29/data/res" type="simple" />
          </root>
        </classPath>
        <javadocPath>
          <root type="composite" />
        </javadocPath>
        <sourcePath>
          <root type="composite">
            <root url="file://$USER_HOME$/Library/Developer/Xamarin/android-sdk-macosx/sources/android-29" type="simple" />
          </root>
        </sourcePath>
      </roots>
      <additional jdk="1.8" sdk="android-29" />
    </jdk>
    <jdk version="2">
      <name value="Android API 25 Platform" />
      <type value="Android SDK" />
      <homePath value="$USER_HOME$/Library/Developer/Xamarin/android-sdk-macosx" />
      <roots>
        <annotationsPath>
          <root type="composite">
            <root url="jar://$APPLICATION_PLUGINS_DIR$/rider-android/lib/androidAnnotations.jar!/" type="simple" />
          </root>
        </annotationsPath>
        <classPath>
          <root type="composite">
            <root url="jar://$USER_HOME$/Library/Developer/Xamarin/android-sdk-macosx/platforms/android-25/android.jar!/" type="simple" />
            <root url="file://$USER_HOME$/Library/Developer/Xamarin/android-sdk-macosx/platforms/android-25/data/res" type="simple" />
          </root>
        </classPath>
        <javadocPath>
          <root type="composite" />
        </javadocPath>
        <sourcePath>
          <root type="composite">
            <root url="file://$USER_HOME$/Library/Developer/Xamarin/android-sdk-macosx/sources/android-25" type="simple" />
          </root>
        </sourcePath>
      </roots>
      <additional jdk="1.8" sdk="android-25" />
    </jdk>
    <jdk version="2">
      <name value="Android API 31 Platform" />
      <type value="Android SDK" />
      <homePath value="$USER_HOME$/Library/Developer/Xamarin/android-sdk-macosx" />
      <roots>
        <annotationsPath>
          <root type="composite">
            <root url="jar://$USER_HOME$/Library/Developer/Xamarin/android-sdk-macosx/platforms/android-31/data/annotations.zip!/" type="simple" />
          </root>
        </annotationsPath>
        <classPath>
          <root type="composite">
            <root url="jar://$USER_HOME$/Library/Developer/Xamarin/android-sdk-macosx/platforms/android-31/android.jar!/" type="simple" />
            <root url="file://$USER_HOME$/Library/Developer/Xamarin/android-sdk-macosx/platforms/android-31/data/res" type="simple" />
          </root>
        </classPath>
        <javadocPath>
          <root type="composite">
            <root url="http://developer.android.com/reference/" type="simple" />
          </root>
        </javadocPath>
        <sourcePath>
          <root type="composite" />
        </sourcePath>
      </roots>
      <additional jdk="1.8" sdk="android-31" />
    </jdk>
  </component>
</application>