<application>
  <component name="UISettings">
    <option name="DISABLE_MNEMONICS" value="false" />
    <option name="EDITOR_AA_TYPE" value="Greyscale" />
    <option name="EDITOR_TAB_LIMIT" value="6" />
    <option name="HIDE_TOOL_STRIPES" value="true" />
    <option name="IDE_AA_TYPE" value="Greyscale" />
    <option name="MAX_LOOKUP_WIDTH2" value="1000" />
    <option name="OVERRIDE_NONIDEA_LAF_FONTS" value="true" />
    <option name="SHOW_STATUS_BAR" value="false" />
    <option name="USE_SMALL_LABELS_ON_TABS" value="false" />
  </component>
</application>