<application>
  <component name="AdvancedSettings">
    <option name="settings">
      <map>
        <entry key="bigger.font.in.project.view" value="true" />
        <entry key="confirm.rerun.with.termination" value="false" />
        <entry key="documentation.components.enable.highlighting.of.links" value="true" />
        <entry key="documentation.components.enable.inline.code.highlighting" value="true" />
        <entry key="editor.maximize.in.splits.on.double.click" value="true" />
        <entry key="ide.tree.collapse.recursively" value="false" />
        <entry key="ide.usages.page.size" value="20" />
        <entry key="localHistory.daysToKeep" value="10" />
        <entry key="se.text.search" value="true" />
        <entry key="searcheverywhere.ml.sort.files" value="true" />
        <entry key="start.run.configurations.pinned" value="true" />
      </map>
    </option>
  </component>
</application>