<application>
  <component name="AndroidLogcatFilterHistory">
    <option name="mostRecentlyUsed" value="" />
    <option name="nonFavorites">
      <list>
        <option value="package:mine " />
        <option value="package:mine" />
        <option value="Store:" />
        <option value="ethusd" />
        <option value="com.dev.ct.dev" />
        <option value="OAuthWebViewSignInViewModel" />
        <option value="attr" />
        <option value="PartnerIdRequester" />
        <option value="oauthvierw" />
        <option value="QA: " />
        <option value="Waiting for assets for symbol" />
        <option value="Assets obtained for symbol" />
        <option value="Updating push token" />
        <option value="push" />
        <option value="push " />
        <option value="push token" />
        <option value="ApplicationSt" />
        <option value="New push token" />
        <option value="Received message data" />
        <option value="OnTokenRefresh" />
      </list>
    </option>
  </component>
</application>