<application>
  <component name="AndroidLogcatFilterHistory">
    <option name="mostRecentlyUsed" value="Waiting for assets for symbol" />
    <option name="nonFavorites">
      <list>
        <option value="Waiting for assets for symbol" />
        <option value="Assets obtained for symbol" />
        <option value="package:mine " />
        <option value="Updating push token" />
        <option value="push" />
        <option value="push " />
        <option value="push token" />
        <option value="ApplicationSt" />
        <option value="New push token" />
        <option value="Received message data" />
        <option value="OnTokenRefresh" />
        <option value="pus" />
        <option value="token" />
        <option value="Calculate index: " />
        <option value="killed" />
        <option value="ActivityTaskManager" />
        <option value="(ActivityManager)|(com.spotware.ct)|(MainActivity)" />
        <option value="(ActivityManager)|(com.spotware.ct)" />
        <option value="(ActivityManager)|()" />
        <option value="ActivityManager:" />
      </list>
    </option>
  </component>
</application>