<application>
  <component name="AndroidLogcatFilterHistory">
    <option name="mostRecentlyUsed" value="" />
    <option name="nonFavorites">
      <list>
        <option value="ProtoLightDealListReq" />
        <option value="Watchlist UI got actual server data" />
        <option value="DroidApplication" />
        <option value="InitializeBootstrapper" />
        <option value="symbols updated: " />
        <option value="package:mine symbols updated: " />
        <option value="INetworkActivityLogger" />
        <option value="NetworkActivityLogger" />
        <option value="servitola" />
        <option value="FUCK" />
        <option value="package:mine FUCK" />
        <option value="PerformanceLogMark" />
        <option value="|Connectivity|" />
        <option value="\|Connectivity" />
        <option value="From broadcast receiver" />
        <option value="OnReceive2" />
        <option value="ConnectivityBroadcastReceiver" />
        <option value="Connectivity" />
        <option value="package:mine" />
        <option value="package:mine " />
      </list>
    </option>
  </component>
</application>