<application>
  <component name="CodeLensSettings" isTransfered="true">
    <anchor>
      <map>
        <entry key="Usages" value="Right" />
      </map>
    </anchor>
    <enabled>
      <map>
        <entry key="Exposing API" value="false" />
        <entry key="IL code" value="false" />
        <entry key="UFunctions implementations" value="false" />
        <entry key="UProperties write access" value="false" />
        <entry key="VcsAuthorCodeLensProvider" value="false" />
        <entry key="derived blueprint class" value="false" />
      </map>
    </enabled>
    <showUnavailable>false</showUnavailable>
  </component>
</application>