<application>
  <component name="com.intellij.ide.ui.customization.CustomActionsSchema">
    <group value="DotNetProfiler.RunGroup" is_group="true" forse_popup="false" action_type="-1" position="6">
      <path value="root" />
      <path value="Navigation Bar Toolbar" />
      <path value="Toolbar Run Actions" />
      <option name="myInitialPosition" value="-1" />
    </group>
    <group value="Stop" is_action="true" action_type="-1" position="5">
      <path value="root" />
      <path value="Navigation Bar Toolbar" />
      <path value="Toolbar Run Actions" />
      <option name="myInitialPosition" value="-1" />
    </group>
    <group value="RunnerActions" is_group="true" forse_popup="false" action_type="-1" position="4">
      <path value="root" />
      <path value="Navigation Bar Toolbar" />
      <path value="Toolbar Run Actions" />
      <option name="myInitialPosition" value="-1" />
    </group>
    <group value="NavBarVcsGroup" is_group="true" forse_popup="false" action_type="-1" position="2">
      <path value="root" />
      <path value="Navigation Bar Toolbar" />
      <option name="myInitialPosition" value="-1" />
    </group>
    <group value="Android Profiler" is_action="true" action_type="-1" position="2">
      <path value="root" />
      <path value="Navigation Bar Toolbar" />
      <path value="Toolbar Run Actions" />
      <path value="Run/Debug" />
      <option name="myInitialPosition" value="-1" />
    </group>
    <group value="MainToolBarNavigation" is_group="true" forse_popup="false" action_type="-1" position="0">
      <path value="root" />
      <path value="Main Toolbar" />
      <path value="Left" />
      <option name="myInitialPosition" value="-1" />
    </group>
    <group value="RunnerActions" is_group="true" forse_popup="false" action_type="1" position="0">
      <path value="root" />
      <path value="Navigation Bar Toolbar" />
      <path value="Toolbar Run Actions" />
      <option name="myInitialPosition" value="-1" />
    </group>
    <group value="Stop" is_action="true" action_type="1" position="1">
      <path value="root" />
      <path value="Navigation Bar Toolbar" />
      <path value="Toolbar Run Actions" />
      <option name="myInitialPosition" value="-1" />
    </group>
    <group value="ActiveConfiguration" is_action="true" action_type="1" position="2">
      <path value="root" />
      <path value="Navigation Bar Toolbar" />
      <path value="Toolbar Run Actions" />
      <path value="Run/Debug" />
      <option name="myInitialPosition" value="-1" />
    </group>
  </component>
</application>