<application>
  <component name="XDebuggerSettings">
    <data-views>
      <option name="valueLookupDelay" value="150" />
    </data-views>
    <general>
      <option name="hideDebuggerOnProcessTermination" value="true" />
    </general>
    <debuggers>
      <debugger id="dotnet_debugger">
        <configuration>
          <option name="automaticallyRefreshWatches" value="true" />
          <option name="enableExternalSourceDebug" value="false" />
          <option name="groupNonPublicMembers" value="true" />
          <option name="showCompilerGeneratedMembers" value="true" />
          <option name="smartStepIntoShowAlreadyExecutedTargets" value="true" />
        </configuration>
      </debugger>
      <debugger id="ObjectiveC">
        <configuration>
          <nt-symbol-settings />
        </configuration>
      </debugger>
    </debuggers>
  </component>
</application>