<application>
  <component name="XDebuggerSettings">
    <data-views>
      <option name="valueLookupDelay" value="150" />
    </data-views>
    <general>
      <option name="hideDebuggerOnProcessTermination" value="true" />
    </general>
    <debuggers>
      <debugger id="dotnet_debugger">
        <configuration>
          <option name="automaticallyRefreshWatches" value="true" />
          <option name="breakOnUserUnhandledExceptions" value="true" />
          <option name="enableExternalSourceDebug" value="false" />
          <option name="groupNonPublicMembers" value="true" />
          <option name="userUnhandledExceptionsIgnoreList">
            <list>
              <option value="System.OperationCanceledException" />
              <option value="System.Threading.Tasks.TaskCanceledException" />
              <option value="System.Threading.ThreadAbortException" />
              <option value="System.NullReferenceException" />
            </list>
          </option>
        </configuration>
      </debugger>
      <debugger id="ObjectiveC">
        <configuration>
          <nt-symbol-settings />
        </configuration>
      </debugger>
    </debuggers>
  </component>
</application>