<application>
  <component name="FindSettings">
    <option name="customScope" value="Solution" />
    <option name="defaultScopeName" value="Solution" />
    <option name="localCaseSensitive" value="true" />
    <option name="LOCAL_CASE_SENSITIVE_SEARCH" value="true" />
    <option name="SEARCH_SCOPE" value="Solution" />
    <option name="FILE_MASK" value="*.cs" />
    <mask>*.csproj</mask>
    <mask>*.xml</mask>
    <mask>*.xib</mask>
    <mask>*.storyboard</mask>
    <mask>*.resx</mask>
    <mask>*.cs</mask>
  </component>
</application>