<application>
  <component name="GeneralSettings">
    <option name="reopenLastProject" value="false" />
    <option name="confirmExit" value="false" />
    <option name="confirmOpenNewProject2" value="-1" />
  </component>
  <component name="Registry">
    <entry key="vcs.log.show.diff.preview.as.editor.tab" value="true" />
    <entry key="actionSystem.fix.alt.gr" value="false" />
    <entry key="ide.borderless.title.product" value="false" />
    <entry key="ide.tree.expand.navigatable.on.double.click.disabled" value="true" />
    <entry key="search.everywhere.settings" value="true" />
    <entry key="ide.borderless.title.version" value="false" />
    <entry key="rider.enable.designer.winForms" value="true" />
    <entry key="ide.win.frame.decoration" value="true" />
    <entry key="ide.experimental.ui" value="true" />
    <entry key="show.log.as.editor.tab" value="false" />
    <entry key="ide.svg.icon" value="true" />
    <entry key="show.diff.preview.as.editor.tab" value="true" />
  </component>
  <component name="StatusBar">
    <option name="widgets">
      <map>
        <entry key="CwmWireStatsWidgetFactory" value="false" />
        <entry key="Encoding" value="false" />
        <entry key="LineSeparator" value="false" />
        <entry key="Notifications" value="false" />
        <entry key="Position" value="false" />
        <entry key="ReadOnlyAttribute" value="false" />
        <entry key="RoslynIcon" value="false" />
        <entry key="SolutionAnalysisIcon" value="false" />
        <entry key="com.intellij.psi.codeStyle.statusbar.CodeStyleStatusBarWidget" value="false" />
        <entry key="com.tabnine.statusBar.TabnineStatusBarWidget" value="false" />
        <entry key="git" value="false" />
      </map>
    </option>
  </component>
</application>