<application>
  <component name="ProjectJdkTable">
    <jdk version="2">
      <name value="1.8" />
      <type value="JavaSDK" />
      <version value="version 1.8" />
      <homePath value="$USER_HOME$/Library/Developer/Xamarin/jdk/microsoft_dist_openjdk_1.8.0.25" />
      <roots>
        <annotationsPath>
          <root type="composite">
            <root url="jar://$APPLICATION_PLUGINS_DIR$/rider-android/lib/jdkAnnotations.jar!/" type="simple" />
          </root>
        </annotationsPath>
        <classPath>
          <root type="composite">
            <root url="jar://$USER_HOME$/Library/Developer/Xamarin/jdk/microsoft_dist_openjdk_1.8.0.25/jre/lib/charsets.jar!/" type="simple" />
            <root url="jar://$USER_HOME$/Library/Developer/Xamarin/jdk/microsoft_dist_openjdk_1.8.0.25/jre/lib/ext/cldrdata.jar!/" type="simple" />
            <root url="jar://$USER_HOME$/Library/Developer/Xamarin/jdk/microsoft_dist_openjdk_1.8.0.25/jre/lib/ext/dnsns.jar!/" type="simple" />
            <root url="jar://$USER_HOME$/Library/Developer/Xamarin/jdk/microsoft_dist_openjdk_1.8.0.25/jre/lib/ext/jaccess.jar!/" type="simple" />
            <root url="jar://$USER_HOME$/Library/Developer/Xamarin/jdk/microsoft_dist_openjdk_1.8.0.25/jre/lib/ext/localedata.jar!/" type="simple" />
            <root url="jar://$USER_HOME$/Library/Developer/Xamarin/jdk/microsoft_dist_openjdk_1.8.0.25/jre/lib/ext/nashorn.jar!/" type="simple" />
            <root url="jar://$USER_HOME$/Library/Developer/Xamarin/jdk/microsoft_dist_openjdk_1.8.0.25/jre/lib/ext/sunec.jar!/" type="simple" />
            <root url="jar://$USER_HOME$/Library/Developer/Xamarin/jdk/microsoft_dist_openjdk_1.8.0.25/jre/lib/ext/sunjce_provider.jar!/" type="simple" />
            <root url="jar://$USER_HOME$/Library/Developer/Xamarin/jdk/microsoft_dist_openjdk_1.8.0.25/jre/lib/ext/sunpkcs11.jar!/" type="simple" />
            <root url="jar://$USER_HOME$/Library/Developer/Xamarin/jdk/microsoft_dist_openjdk_1.8.0.25/jre/lib/ext/zipfs.jar!/" type="simple" />
            <root url="jar://$USER_HOME$/Library/Developer/Xamarin/jdk/microsoft_dist_openjdk_1.8.0.25/jre/lib/jce.jar!/" type="simple" />
            <root url="jar://$USER_HOME$/Library/Developer/Xamarin/jdk/microsoft_dist_openjdk_1.8.0.25/jre/lib/jsse.jar!/" type="simple" />
            <root url="jar://$USER_HOME$/Library/Developer/Xamarin/jdk/microsoft_dist_openjdk_1.8.0.25/jre/lib/management-agent.jar!/" type="simple" />
            <root url="jar://$USER_HOME$/Library/Developer/Xamarin/jdk/microsoft_dist_openjdk_1.8.0.25/jre/lib/resources.jar!/" type="simple" />
            <root url="jar://$USER_HOME$/Library/Developer/Xamarin/jdk/microsoft_dist_openjdk_1.8.0.25/jre/lib/rt.jar!/" type="simple" />
            <root url="jar://$USER_HOME$/Library/Developer/Xamarin/jdk/microsoft_dist_openjdk_1.8.0.25/lib/dt.jar!/" type="simple" />
            <root url="jar://$USER_HOME$/Library/Developer/Xamarin/jdk/microsoft_dist_openjdk_1.8.0.25/lib/jconsole.jar!/" type="simple" />
            <root url="jar://$USER_HOME$/Library/Developer/Xamarin/jdk/microsoft_dist_openjdk_1.8.0.25/lib/sa-jdi.jar!/" type="simple" />
            <root url="jar://$USER_HOME$/Library/Developer/Xamarin/jdk/microsoft_dist_openjdk_1.8.0.25/lib/tools.jar!/" type="simple" />
          </root>
        </classPath>
        <javadocPath>
          <root type="composite">
            <root url="https://docs.oracle.com/javase/8/docs/api/" type="simple" />
          </root>
        </javadocPath>
        <sourcePath>
          <root type="composite" />
        </sourcePath>
      </roots>
      <additional />
    </jdk>
    <jdk version="2">
      <name value="zulu-17" />
      <type value="JavaSDK" />
      <version value="Azul Zulu version 17.0.2" />
      <homePath value="$USER_HOME$/Library/Java/JavaVirtualMachines/azul-17.0.2/Contents/Home" />
      <roots>
        <annotationsPath>
          <root type="composite" />
        </annotationsPath>
        <classPath>
          <root type="composite">
            <root url="jrt:///Users/vkonovalov/Library/Java/JavaVirtualMachines/azul-17.0.2/Contents/Home!/java.base" type="simple" />
            <root url="jrt:///Users/vkonovalov/Library/Java/JavaVirtualMachines/azul-17.0.2/Contents/Home!/java.compiler" type="simple" />
            <root url="jrt:///Users/vkonovalov/Library/Java/JavaVirtualMachines/azul-17.0.2/Contents/Home!/java.datatransfer" type="simple" />
            <root url="jrt:///Users/vkonovalov/Library/Java/JavaVirtualMachines/azul-17.0.2/Contents/Home!/java.desktop" type="simple" />
            <root url="jrt:///Users/vkonovalov/Library/Java/JavaVirtualMachines/azul-17.0.2/Contents/Home!/java.instrument" type="simple" />
            <root url="jrt:///Users/vkonovalov/Library/Java/JavaVirtualMachines/azul-17.0.2/Contents/Home!/java.logging" type="simple" />
            <root url="jrt:///Users/vkonovalov/Library/Java/JavaVirtualMachines/azul-17.0.2/Contents/Home!/java.management" type="simple" />
            <root url="jrt:///Users/vkonovalov/Library/Java/JavaVirtualMachines/azul-17.0.2/Contents/Home!/java.management.rmi" type="simple" />
            <root url="jrt:///Users/vkonovalov/Library/Java/JavaVirtualMachines/azul-17.0.2/Contents/Home!/java.naming" type="simple" />
            <root url="jrt:///Users/vkonovalov/Library/Java/JavaVirtualMachines/azul-17.0.2/Contents/Home!/java.net.http" type="simple" />
            <root url="jrt:///Users/vkonovalov/Library/Java/JavaVirtualMachines/azul-17.0.2/Contents/Home!/java.prefs" type="simple" />
            <root url="jrt:///Users/vkonovalov/Library/Java/JavaVirtualMachines/azul-17.0.2/Contents/Home!/java.rmi" type="simple" />
            <root url="jrt:///Users/vkonovalov/Library/Java/JavaVirtualMachines/azul-17.0.2/Contents/Home!/java.scripting" type="simple" />
            <root url="jrt:///Users/vkonovalov/Library/Java/JavaVirtualMachines/azul-17.0.2/Contents/Home!/java.se" type="simple" />
            <root url="jrt:///Users/vkonovalov/Library/Java/JavaVirtualMachines/azul-17.0.2/Contents/Home!/java.security.jgss" type="simple" />
            <root url="jrt:///Users/vkonovalov/Library/Java/JavaVirtualMachines/azul-17.0.2/Contents/Home!/java.security.sasl" type="simple" />
            <root url="jrt:///Users/vkonovalov/Library/Java/JavaVirtualMachines/azul-17.0.2/Contents/Home!/java.smartcardio" type="simple" />
            <root url="jrt:///Users/vkonovalov/Library/Java/JavaVirtualMachines/azul-17.0.2/Contents/Home!/java.sql" type="simple" />
            <root url="jrt:///Users/vkonovalov/Library/Java/JavaVirtualMachines/azul-17.0.2/Contents/Home!/java.sql.rowset" type="simple" />
            <root url="jrt:///Users/vkonovalov/Library/Java/JavaVirtualMachines/azul-17.0.2/Contents/Home!/java.transaction.xa" type="simple" />
            <root url="jrt:///Users/vkonovalov/Library/Java/JavaVirtualMachines/azul-17.0.2/Contents/Home!/java.xml" type="simple" />
            <root url="jrt:///Users/vkonovalov/Library/Java/JavaVirtualMachines/azul-17.0.2/Contents/Home!/java.xml.crypto" type="simple" />
            <root url="jrt:///Users/vkonovalov/Library/Java/JavaVirtualMachines/azul-17.0.2/Contents/Home!/jdk.accessibility" type="simple" />
            <root url="jrt:///Users/vkonovalov/Library/Java/JavaVirtualMachines/azul-17.0.2/Contents/Home!/jdk.attach" type="simple" />
            <root url="jrt:///Users/vkonovalov/Library/Java/JavaVirtualMachines/azul-17.0.2/Contents/Home!/jdk.charsets" type="simple" />
            <root url="jrt:///Users/vkonovalov/Library/Java/JavaVirtualMachines/azul-17.0.2/Contents/Home!/jdk.compiler" type="simple" />
            <root url="jrt:///Users/vkonovalov/Library/Java/JavaVirtualMachines/azul-17.0.2/Contents/Home!/jdk.crypto.cryptoki" type="simple" />
            <root url="jrt:///Users/vkonovalov/Library/Java/JavaVirtualMachines/azul-17.0.2/Contents/Home!/jdk.crypto.ec" type="simple" />
            <root url="jrt:///Users/vkonovalov/Library/Java/JavaVirtualMachines/azul-17.0.2/Contents/Home!/jdk.dynalink" type="simple" />
            <root url="jrt:///Users/vkonovalov/Library/Java/JavaVirtualMachines/azul-17.0.2/Contents/Home!/jdk.editpad" type="simple" />
            <root url="jrt:///Users/vkonovalov/Library/Java/JavaVirtualMachines/azul-17.0.2/Contents/Home!/jdk.hotspot.agent" type="simple" />
            <root url="jrt:///Users/vkonovalov/Library/Java/JavaVirtualMachines/azul-17.0.2/Contents/Home!/jdk.httpserver" type="simple" />
            <root url="jrt:///Users/vkonovalov/Library/Java/JavaVirtualMachines/azul-17.0.2/Contents/Home!/jdk.incubator.foreign" type="simple" />
            <root url="jrt:///Users/vkonovalov/Library/Java/JavaVirtualMachines/azul-17.0.2/Contents/Home!/jdk.incubator.vector" type="simple" />
            <root url="jrt:///Users/vkonovalov/Library/Java/JavaVirtualMachines/azul-17.0.2/Contents/Home!/jdk.internal.ed" type="simple" />
            <root url="jrt:///Users/vkonovalov/Library/Java/JavaVirtualMachines/azul-17.0.2/Contents/Home!/jdk.internal.jvmstat" type="simple" />
            <root url="jrt:///Users/vkonovalov/Library/Java/JavaVirtualMachines/azul-17.0.2/Contents/Home!/jdk.internal.le" type="simple" />
            <root url="jrt:///Users/vkonovalov/Library/Java/JavaVirtualMachines/azul-17.0.2/Contents/Home!/jdk.internal.opt" type="simple" />
            <root url="jrt:///Users/vkonovalov/Library/Java/JavaVirtualMachines/azul-17.0.2/Contents/Home!/jdk.internal.vm.ci" type="simple" />
            <root url="jrt:///Users/vkonovalov/Library/Java/JavaVirtualMachines/azul-17.0.2/Contents/Home!/jdk.internal.vm.compiler" type="simple" />
            <root url="jrt:///Users/vkonovalov/Library/Java/JavaVirtualMachines/azul-17.0.2/Contents/Home!/jdk.internal.vm.compiler.management" type="simple" />
            <root url="jrt:///Users/vkonovalov/Library/Java/JavaVirtualMachines/azul-17.0.2/Contents/Home!/jdk.jartool" type="simple" />
            <root url="jrt:///Users/vkonovalov/Library/Java/JavaVirtualMachines/azul-17.0.2/Contents/Home!/jdk.javadoc" type="simple" />
            <root url="jrt:///Users/vkonovalov/Library/Java/JavaVirtualMachines/azul-17.0.2/Contents/Home!/jdk.jcmd" type="simple" />
            <root url="jrt:///Users/vkonovalov/Library/Java/JavaVirtualMachines/azul-17.0.2/Contents/Home!/jdk.jconsole" type="simple" />
            <root url="jrt:///Users/vkonovalov/Library/Java/JavaVirtualMachines/azul-17.0.2/Contents/Home!/jdk.jdeps" type="simple" />
            <root url="jrt:///Users/vkonovalov/Library/Java/JavaVirtualMachines/azul-17.0.2/Contents/Home!/jdk.jdi" type="simple" />
            <root url="jrt:///Users/vkonovalov/Library/Java/JavaVirtualMachines/azul-17.0.2/Contents/Home!/jdk.jdwp.agent" type="simple" />
            <root url="jrt:///Users/vkonovalov/Library/Java/JavaVirtualMachines/azul-17.0.2/Contents/Home!/jdk.jfr" type="simple" />
            <root url="jrt:///Users/vkonovalov/Library/Java/JavaVirtualMachines/azul-17.0.2/Contents/Home!/jdk.jlink" type="simple" />
            <root url="jrt:///Users/vkonovalov/Library/Java/JavaVirtualMachines/azul-17.0.2/Contents/Home!/jdk.jpackage" type="simple" />
            <root url="jrt:///Users/vkonovalov/Library/Java/JavaVirtualMachines/azul-17.0.2/Contents/Home!/jdk.jshell" type="simple" />
            <root url="jrt:///Users/vkonovalov/Library/Java/JavaVirtualMachines/azul-17.0.2/Contents/Home!/jdk.jsobject" type="simple" />
            <root url="jrt:///Users/vkonovalov/Library/Java/JavaVirtualMachines/azul-17.0.2/Contents/Home!/jdk.jstatd" type="simple" />
            <root url="jrt:///Users/vkonovalov/Library/Java/JavaVirtualMachines/azul-17.0.2/Contents/Home!/jdk.localedata" type="simple" />
            <root url="jrt:///Users/vkonovalov/Library/Java/JavaVirtualMachines/azul-17.0.2/Contents/Home!/jdk.management" type="simple" />
            <root url="jrt:///Users/vkonovalov/Library/Java/JavaVirtualMachines/azul-17.0.2/Contents/Home!/jdk.management.agent" type="simple" />
            <root url="jrt:///Users/vkonovalov/Library/Java/JavaVirtualMachines/azul-17.0.2/Contents/Home!/jdk.management.jfr" type="simple" />
            <root url="jrt:///Users/vkonovalov/Library/Java/JavaVirtualMachines/azul-17.0.2/Contents/Home!/jdk.naming.dns" type="simple" />
            <root url="jrt:///Users/vkonovalov/Library/Java/JavaVirtualMachines/azul-17.0.2/Contents/Home!/jdk.naming.rmi" type="simple" />
            <root url="jrt:///Users/vkonovalov/Library/Java/JavaVirtualMachines/azul-17.0.2/Contents/Home!/jdk.net" type="simple" />
            <root url="jrt:///Users/vkonovalov/Library/Java/JavaVirtualMachines/azul-17.0.2/Contents/Home!/jdk.nio.mapmode" type="simple" />
            <root url="jrt:///Users/vkonovalov/Library/Java/JavaVirtualMachines/azul-17.0.2/Contents/Home!/jdk.random" type="simple" />
            <root url="jrt:///Users/vkonovalov/Library/Java/JavaVirtualMachines/azul-17.0.2/Contents/Home!/jdk.sctp" type="simple" />
            <root url="jrt:///Users/vkonovalov/Library/Java/JavaVirtualMachines/azul-17.0.2/Contents/Home!/jdk.security.auth" type="simple" />
            <root url="jrt:///Users/vkonovalov/Library/Java/JavaVirtualMachines/azul-17.0.2/Contents/Home!/jdk.security.jgss" type="simple" />
            <root url="jrt:///Users/vkonovalov/Library/Java/JavaVirtualMachines/azul-17.0.2/Contents/Home!/jdk.unsupported" type="simple" />
            <root url="jrt:///Users/vkonovalov/Library/Java/JavaVirtualMachines/azul-17.0.2/Contents/Home!/jdk.unsupported.desktop" type="simple" />
            <root url="jrt:///Users/vkonovalov/Library/Java/JavaVirtualMachines/azul-17.0.2/Contents/Home!/jdk.xml.dom" type="simple" />
            <root url="jrt:///Users/vkonovalov/Library/Java/JavaVirtualMachines/azul-17.0.2/Contents/Home!/jdk.zipfs" type="simple" />
          </root>
        </classPath>
        <javadocPath>
          <root type="composite" />
        </javadocPath>
        <sourcePath>
          <root type="composite">
            <root url="jar://$USER_HOME$/Library/Java/JavaVirtualMachines/azul-17.0.2/Contents/Home/lib/src.zip!/java.se" type="simple" />
            <root url="jar://$USER_HOME$/Library/Java/JavaVirtualMachines/azul-17.0.2/Contents/Home/lib/src.zip!/jdk.jdi" type="simple" />
            <root url="jar://$USER_HOME$/Library/Java/JavaVirtualMachines/azul-17.0.2/Contents/Home/lib/src.zip!/jdk.jfr" type="simple" />
            <root url="jar://$USER_HOME$/Library/Java/JavaVirtualMachines/azul-17.0.2/Contents/Home/lib/src.zip!/jdk.net" type="simple" />
            <root url="jar://$USER_HOME$/Library/Java/JavaVirtualMachines/azul-17.0.2/Contents/Home/lib/src.zip!/java.rmi" type="simple" />
            <root url="jar://$USER_HOME$/Library/Java/JavaVirtualMachines/azul-17.0.2/Contents/Home/lib/src.zip!/java.sql" type="simple" />
            <root url="jar://$USER_HOME$/Library/Java/JavaVirtualMachines/azul-17.0.2/Contents/Home/lib/src.zip!/java.xml" type="simple" />
            <root url="jar://$USER_HOME$/Library/Java/JavaVirtualMachines/azul-17.0.2/Contents/Home/lib/src.zip!/jdk.jcmd" type="simple" />
            <root url="jar://$USER_HOME$/Library/Java/JavaVirtualMachines/azul-17.0.2/Contents/Home/lib/src.zip!/jdk.sctp" type="simple" />
            <root url="jar://$USER_HOME$/Library/Java/JavaVirtualMachines/azul-17.0.2/Contents/Home/lib/src.zip!/java.base" type="simple" />
            <root url="jar://$USER_HOME$/Library/Java/JavaVirtualMachines/azul-17.0.2/Contents/Home/lib/src.zip!/jdk.jdeps" type="simple" />
            <root url="jar://$USER_HOME$/Library/Java/JavaVirtualMachines/azul-17.0.2/Contents/Home/lib/src.zip!/jdk.jlink" type="simple" />
            <root url="jar://$USER_HOME$/Library/Java/JavaVirtualMachines/azul-17.0.2/Contents/Home/lib/src.zip!/jdk.zipfs" type="simple" />
            <root url="jar://$USER_HOME$/Library/Java/JavaVirtualMachines/azul-17.0.2/Contents/Home/lib/src.zip!/java.prefs" type="simple" />
            <root url="jar://$USER_HOME$/Library/Java/JavaVirtualMachines/azul-17.0.2/Contents/Home/lib/src.zip!/jdk.attach" type="simple" />
            <root url="jar://$USER_HOME$/Library/Java/JavaVirtualMachines/azul-17.0.2/Contents/Home/lib/src.zip!/jdk.jshell" type="simple" />
            <root url="jar://$USER_HOME$/Library/Java/JavaVirtualMachines/azul-17.0.2/Contents/Home/lib/src.zip!/jdk.jstatd" type="simple" />
            <root url="jar://$USER_HOME$/Library/Java/JavaVirtualMachines/azul-17.0.2/Contents/Home/lib/src.zip!/jdk.random" type="simple" />
            <root url="jar://$USER_HOME$/Library/Java/JavaVirtualMachines/azul-17.0.2/Contents/Home/lib/src.zip!/java.naming" type="simple" />
            <root url="jar://$USER_HOME$/Library/Java/JavaVirtualMachines/azul-17.0.2/Contents/Home/lib/src.zip!/jdk.editpad" type="simple" />
            <root url="jar://$USER_HOME$/Library/Java/JavaVirtualMachines/azul-17.0.2/Contents/Home/lib/src.zip!/jdk.jartool" type="simple" />
            <root url="jar://$USER_HOME$/Library/Java/JavaVirtualMachines/azul-17.0.2/Contents/Home/lib/src.zip!/jdk.javadoc" type="simple" />
            <root url="jar://$USER_HOME$/Library/Java/JavaVirtualMachines/azul-17.0.2/Contents/Home/lib/src.zip!/jdk.xml.dom" type="simple" />
            <root url="jar://$USER_HOME$/Library/Java/JavaVirtualMachines/azul-17.0.2/Contents/Home/lib/src.zip!/java.desktop" type="simple" />
            <root url="jar://$USER_HOME$/Library/Java/JavaVirtualMachines/azul-17.0.2/Contents/Home/lib/src.zip!/java.logging" type="simple" />
            <root url="jar://$USER_HOME$/Library/Java/JavaVirtualMachines/azul-17.0.2/Contents/Home/lib/src.zip!/jdk.charsets" type="simple" />
            <root url="jar://$USER_HOME$/Library/Java/JavaVirtualMachines/azul-17.0.2/Contents/Home/lib/src.zip!/jdk.compiler" type="simple" />
            <root url="jar://$USER_HOME$/Library/Java/JavaVirtualMachines/azul-17.0.2/Contents/Home/lib/src.zip!/jdk.dynalink" type="simple" />
            <root url="jar://$USER_HOME$/Library/Java/JavaVirtualMachines/azul-17.0.2/Contents/Home/lib/src.zip!/jdk.jconsole" type="simple" />
            <root url="jar://$USER_HOME$/Library/Java/JavaVirtualMachines/azul-17.0.2/Contents/Home/lib/src.zip!/jdk.jpackage" type="simple" />
            <root url="jar://$USER_HOME$/Library/Java/JavaVirtualMachines/azul-17.0.2/Contents/Home/lib/src.zip!/jdk.jsobject" type="simple" />
            <root url="jar://$USER_HOME$/Library/Java/JavaVirtualMachines/azul-17.0.2/Contents/Home/lib/src.zip!/java.compiler" type="simple" />
            <root url="jar://$USER_HOME$/Library/Java/JavaVirtualMachines/azul-17.0.2/Contents/Home/lib/src.zip!/java.net.http" type="simple" />
            <root url="jar://$USER_HOME$/Library/Java/JavaVirtualMachines/azul-17.0.2/Contents/Home/lib/src.zip!/jdk.crypto.ec" type="simple" />
            <root url="jar://$USER_HOME$/Library/Java/JavaVirtualMachines/azul-17.0.2/Contents/Home/lib/src.zip!/java.scripting" type="simple" />
            <root url="jar://$USER_HOME$/Library/Java/JavaVirtualMachines/azul-17.0.2/Contents/Home/lib/src.zip!/jdk.httpserver" type="simple" />
            <root url="jar://$USER_HOME$/Library/Java/JavaVirtualMachines/azul-17.0.2/Contents/Home/lib/src.zip!/jdk.jdwp.agent" type="simple" />
            <root url="jar://$USER_HOME$/Library/Java/JavaVirtualMachines/azul-17.0.2/Contents/Home/lib/src.zip!/jdk.localedata" type="simple" />
            <root url="jar://$USER_HOME$/Library/Java/JavaVirtualMachines/azul-17.0.2/Contents/Home/lib/src.zip!/jdk.management" type="simple" />
            <root url="jar://$USER_HOME$/Library/Java/JavaVirtualMachines/azul-17.0.2/Contents/Home/lib/src.zip!/jdk.naming.dns" type="simple" />
            <root url="jar://$USER_HOME$/Library/Java/JavaVirtualMachines/azul-17.0.2/Contents/Home/lib/src.zip!/jdk.naming.rmi" type="simple" />
            <root url="jar://$USER_HOME$/Library/Java/JavaVirtualMachines/azul-17.0.2/Contents/Home/lib/src.zip!/java.instrument" type="simple" />
            <root url="jar://$USER_HOME$/Library/Java/JavaVirtualMachines/azul-17.0.2/Contents/Home/lib/src.zip!/java.management" type="simple" />
            <root url="jar://$USER_HOME$/Library/Java/JavaVirtualMachines/azul-17.0.2/Contents/Home/lib/src.zip!/java.sql.rowset" type="simple" />
            <root url="jar://$USER_HOME$/Library/Java/JavaVirtualMachines/azul-17.0.2/Contents/Home/lib/src.zip!/java.xml.crypto" type="simple" />
            <root url="jar://$USER_HOME$/Library/Java/JavaVirtualMachines/azul-17.0.2/Contents/Home/lib/src.zip!/jdk.internal.ed" type="simple" />
            <root url="jar://$USER_HOME$/Library/Java/JavaVirtualMachines/azul-17.0.2/Contents/Home/lib/src.zip!/jdk.internal.le" type="simple" />
            <root url="jar://$USER_HOME$/Library/Java/JavaVirtualMachines/azul-17.0.2/Contents/Home/lib/src.zip!/jdk.nio.mapmode" type="simple" />
            <root url="jar://$USER_HOME$/Library/Java/JavaVirtualMachines/azul-17.0.2/Contents/Home/lib/src.zip!/jdk.unsupported" type="simple" />
            <root url="jar://$USER_HOME$/Library/Java/JavaVirtualMachines/azul-17.0.2/Contents/Home/lib/src.zip!/java.smartcardio" type="simple" />
            <root url="jar://$USER_HOME$/Library/Java/JavaVirtualMachines/azul-17.0.2/Contents/Home/lib/src.zip!/jdk.internal.opt" type="simple" />
            <root url="jar://$USER_HOME$/Library/Java/JavaVirtualMachines/azul-17.0.2/Contents/Home/lib/src.zip!/java.datatransfer" type="simple" />
            <root url="jar://$USER_HOME$/Library/Java/JavaVirtualMachines/azul-17.0.2/Contents/Home/lib/src.zip!/jdk.accessibility" type="simple" />
            <root url="jar://$USER_HOME$/Library/Java/JavaVirtualMachines/azul-17.0.2/Contents/Home/lib/src.zip!/jdk.hotspot.agent" type="simple" />
            <root url="jar://$USER_HOME$/Library/Java/JavaVirtualMachines/azul-17.0.2/Contents/Home/lib/src.zip!/jdk.security.auth" type="simple" />
            <root url="jar://$USER_HOME$/Library/Java/JavaVirtualMachines/azul-17.0.2/Contents/Home/lib/src.zip!/jdk.security.jgss" type="simple" />
            <root url="jar://$USER_HOME$/Library/Java/JavaVirtualMachines/azul-17.0.2/Contents/Home/lib/src.zip!/java.security.jgss" type="simple" />
            <root url="jar://$USER_HOME$/Library/Java/JavaVirtualMachines/azul-17.0.2/Contents/Home/lib/src.zip!/java.security.sasl" type="simple" />
            <root url="jar://$USER_HOME$/Library/Java/JavaVirtualMachines/azul-17.0.2/Contents/Home/lib/src.zip!/jdk.internal.vm.ci" type="simple" />
            <root url="jar://$USER_HOME$/Library/Java/JavaVirtualMachines/azul-17.0.2/Contents/Home/lib/src.zip!/jdk.management.jfr" type="simple" />
            <root url="jar://$USER_HOME$/Library/Java/JavaVirtualMachines/azul-17.0.2/Contents/Home/lib/src.zip!/java.management.rmi" type="simple" />
            <root url="jar://$USER_HOME$/Library/Java/JavaVirtualMachines/azul-17.0.2/Contents/Home/lib/src.zip!/java.transaction.xa" type="simple" />
            <root url="jar://$USER_HOME$/Library/Java/JavaVirtualMachines/azul-17.0.2/Contents/Home/lib/src.zip!/jdk.crypto.cryptoki" type="simple" />
            <root url="jar://$USER_HOME$/Library/Java/JavaVirtualMachines/azul-17.0.2/Contents/Home/lib/src.zip!/jdk.incubator.vector" type="simple" />
            <root url="jar://$USER_HOME$/Library/Java/JavaVirtualMachines/azul-17.0.2/Contents/Home/lib/src.zip!/jdk.internal.jvmstat" type="simple" />
            <root url="jar://$USER_HOME$/Library/Java/JavaVirtualMachines/azul-17.0.2/Contents/Home/lib/src.zip!/jdk.management.agent" type="simple" />
            <root url="jar://$USER_HOME$/Library/Java/JavaVirtualMachines/azul-17.0.2/Contents/Home/lib/src.zip!/jdk.incubator.foreign" type="simple" />
            <root url="jar://$USER_HOME$/Library/Java/JavaVirtualMachines/azul-17.0.2/Contents/Home/lib/src.zip!/jdk.unsupported.desktop" type="simple" />
            <root url="jar://$USER_HOME$/Library/Java/JavaVirtualMachines/azul-17.0.2/Contents/Home/lib/src.zip!/jdk.internal.vm.compiler" type="simple" />
            <root url="jar://$USER_HOME$/Library/Java/JavaVirtualMachines/azul-17.0.2/Contents/Home/lib/src.zip!/jdk.internal.vm.compiler.management" type="simple" />
          </root>
        </sourcePath>
      </roots>
      <additional />
    </jdk>
    <jdk version="2">
      <name value="zulu-17 (2)" />
      <type value="JavaSDK" />
      <version value="Azul Zulu version 17" />
      <homePath value="$USER_HOME$/Library/Java/JavaVirtualMachines/azul-17/Contents/Home" />
      <roots>
        <annotationsPath>
          <root type="composite" />
        </annotationsPath>
        <classPath>
          <root type="composite">
            <root url="jrt:///Users/vkonovalov/Library/Java/JavaVirtualMachines/azul-17/Contents/Home!/java.base" type="simple" />
            <root url="jrt:///Users/vkonovalov/Library/Java/JavaVirtualMachines/azul-17/Contents/Home!/java.compiler" type="simple" />
            <root url="jrt:///Users/vkonovalov/Library/Java/JavaVirtualMachines/azul-17/Contents/Home!/java.datatransfer" type="simple" />
            <root url="jrt:///Users/vkonovalov/Library/Java/JavaVirtualMachines/azul-17/Contents/Home!/java.desktop" type="simple" />
            <root url="jrt:///Users/vkonovalov/Library/Java/JavaVirtualMachines/azul-17/Contents/Home!/java.instrument" type="simple" />
            <root url="jrt:///Users/vkonovalov/Library/Java/JavaVirtualMachines/azul-17/Contents/Home!/java.logging" type="simple" />
            <root url="jrt:///Users/vkonovalov/Library/Java/JavaVirtualMachines/azul-17/Contents/Home!/java.management" type="simple" />
            <root url="jrt:///Users/vkonovalov/Library/Java/JavaVirtualMachines/azul-17/Contents/Home!/java.management.rmi" type="simple" />
            <root url="jrt:///Users/vkonovalov/Library/Java/JavaVirtualMachines/azul-17/Contents/Home!/java.naming" type="simple" />
            <root url="jrt:///Users/vkonovalov/Library/Java/JavaVirtualMachines/azul-17/Contents/Home!/java.net.http" type="simple" />
            <root url="jrt:///Users/vkonovalov/Library/Java/JavaVirtualMachines/azul-17/Contents/Home!/java.prefs" type="simple" />
            <root url="jrt:///Users/vkonovalov/Library/Java/JavaVirtualMachines/azul-17/Contents/Home!/java.rmi" type="simple" />
            <root url="jrt:///Users/vkonovalov/Library/Java/JavaVirtualMachines/azul-17/Contents/Home!/java.scripting" type="simple" />
            <root url="jrt:///Users/vkonovalov/Library/Java/JavaVirtualMachines/azul-17/Contents/Home!/java.se" type="simple" />
            <root url="jrt:///Users/vkonovalov/Library/Java/JavaVirtualMachines/azul-17/Contents/Home!/java.security.jgss" type="simple" />
            <root url="jrt:///Users/vkonovalov/Library/Java/JavaVirtualMachines/azul-17/Contents/Home!/java.security.sasl" type="simple" />
            <root url="jrt:///Users/vkonovalov/Library/Java/JavaVirtualMachines/azul-17/Contents/Home!/java.smartcardio" type="simple" />
            <root url="jrt:///Users/vkonovalov/Library/Java/JavaVirtualMachines/azul-17/Contents/Home!/java.sql" type="simple" />
            <root url="jrt:///Users/vkonovalov/Library/Java/JavaVirtualMachines/azul-17/Contents/Home!/java.sql.rowset" type="simple" />
            <root url="jrt:///Users/vkonovalov/Library/Java/JavaVirtualMachines/azul-17/Contents/Home!/java.transaction.xa" type="simple" />
            <root url="jrt:///Users/vkonovalov/Library/Java/JavaVirtualMachines/azul-17/Contents/Home!/java.xml" type="simple" />
            <root url="jrt:///Users/vkonovalov/Library/Java/JavaVirtualMachines/azul-17/Contents/Home!/java.xml.crypto" type="simple" />
            <root url="jrt:///Users/vkonovalov/Library/Java/JavaVirtualMachines/azul-17/Contents/Home!/jdk.accessibility" type="simple" />
            <root url="jrt:///Users/vkonovalov/Library/Java/JavaVirtualMachines/azul-17/Contents/Home!/jdk.attach" type="simple" />
            <root url="jrt:///Users/vkonovalov/Library/Java/JavaVirtualMachines/azul-17/Contents/Home!/jdk.charsets" type="simple" />
            <root url="jrt:///Users/vkonovalov/Library/Java/JavaVirtualMachines/azul-17/Contents/Home!/jdk.compiler" type="simple" />
            <root url="jrt:///Users/vkonovalov/Library/Java/JavaVirtualMachines/azul-17/Contents/Home!/jdk.crypto.cryptoki" type="simple" />
            <root url="jrt:///Users/vkonovalov/Library/Java/JavaVirtualMachines/azul-17/Contents/Home!/jdk.crypto.ec" type="simple" />
            <root url="jrt:///Users/vkonovalov/Library/Java/JavaVirtualMachines/azul-17/Contents/Home!/jdk.dynalink" type="simple" />
            <root url="jrt:///Users/vkonovalov/Library/Java/JavaVirtualMachines/azul-17/Contents/Home!/jdk.editpad" type="simple" />
            <root url="jrt:///Users/vkonovalov/Library/Java/JavaVirtualMachines/azul-17/Contents/Home!/jdk.hotspot.agent" type="simple" />
            <root url="jrt:///Users/vkonovalov/Library/Java/JavaVirtualMachines/azul-17/Contents/Home!/jdk.httpserver" type="simple" />
            <root url="jrt:///Users/vkonovalov/Library/Java/JavaVirtualMachines/azul-17/Contents/Home!/jdk.incubator.foreign" type="simple" />
            <root url="jrt:///Users/vkonovalov/Library/Java/JavaVirtualMachines/azul-17/Contents/Home!/jdk.incubator.vector" type="simple" />
            <root url="jrt:///Users/vkonovalov/Library/Java/JavaVirtualMachines/azul-17/Contents/Home!/jdk.internal.ed" type="simple" />
            <root url="jrt:///Users/vkonovalov/Library/Java/JavaVirtualMachines/azul-17/Contents/Home!/jdk.internal.jvmstat" type="simple" />
            <root url="jrt:///Users/vkonovalov/Library/Java/JavaVirtualMachines/azul-17/Contents/Home!/jdk.internal.le" type="simple" />
            <root url="jrt:///Users/vkonovalov/Library/Java/JavaVirtualMachines/azul-17/Contents/Home!/jdk.internal.opt" type="simple" />
            <root url="jrt:///Users/vkonovalov/Library/Java/JavaVirtualMachines/azul-17/Contents/Home!/jdk.internal.vm.ci" type="simple" />
            <root url="jrt:///Users/vkonovalov/Library/Java/JavaVirtualMachines/azul-17/Contents/Home!/jdk.internal.vm.compiler" type="simple" />
            <root url="jrt:///Users/vkonovalov/Library/Java/JavaVirtualMachines/azul-17/Contents/Home!/jdk.internal.vm.compiler.management" type="simple" />
            <root url="jrt:///Users/vkonovalov/Library/Java/JavaVirtualMachines/azul-17/Contents/Home!/jdk.jartool" type="simple" />
            <root url="jrt:///Users/vkonovalov/Library/Java/JavaVirtualMachines/azul-17/Contents/Home!/jdk.javadoc" type="simple" />
            <root url="jrt:///Users/vkonovalov/Library/Java/JavaVirtualMachines/azul-17/Contents/Home!/jdk.jcmd" type="simple" />
            <root url="jrt:///Users/vkonovalov/Library/Java/JavaVirtualMachines/azul-17/Contents/Home!/jdk.jconsole" type="simple" />
            <root url="jrt:///Users/vkonovalov/Library/Java/JavaVirtualMachines/azul-17/Contents/Home!/jdk.jdeps" type="simple" />
            <root url="jrt:///Users/vkonovalov/Library/Java/JavaVirtualMachines/azul-17/Contents/Home!/jdk.jdi" type="simple" />
            <root url="jrt:///Users/vkonovalov/Library/Java/JavaVirtualMachines/azul-17/Contents/Home!/jdk.jdwp.agent" type="simple" />
            <root url="jrt:///Users/vkonovalov/Library/Java/JavaVirtualMachines/azul-17/Contents/Home!/jdk.jfr" type="simple" />
            <root url="jrt:///Users/vkonovalov/Library/Java/JavaVirtualMachines/azul-17/Contents/Home!/jdk.jlink" type="simple" />
            <root url="jrt:///Users/vkonovalov/Library/Java/JavaVirtualMachines/azul-17/Contents/Home!/jdk.jpackage" type="simple" />
            <root url="jrt:///Users/vkonovalov/Library/Java/JavaVirtualMachines/azul-17/Contents/Home!/jdk.jshell" type="simple" />
            <root url="jrt:///Users/vkonovalov/Library/Java/JavaVirtualMachines/azul-17/Contents/Home!/jdk.jsobject" type="simple" />
            <root url="jrt:///Users/vkonovalov/Library/Java/JavaVirtualMachines/azul-17/Contents/Home!/jdk.jstatd" type="simple" />
            <root url="jrt:///Users/vkonovalov/Library/Java/JavaVirtualMachines/azul-17/Contents/Home!/jdk.localedata" type="simple" />
            <root url="jrt:///Users/vkonovalov/Library/Java/JavaVirtualMachines/azul-17/Contents/Home!/jdk.management" type="simple" />
            <root url="jrt:///Users/vkonovalov/Library/Java/JavaVirtualMachines/azul-17/Contents/Home!/jdk.management.agent" type="simple" />
            <root url="jrt:///Users/vkonovalov/Library/Java/JavaVirtualMachines/azul-17/Contents/Home!/jdk.management.jfr" type="simple" />
            <root url="jrt:///Users/vkonovalov/Library/Java/JavaVirtualMachines/azul-17/Contents/Home!/jdk.naming.dns" type="simple" />
            <root url="jrt:///Users/vkonovalov/Library/Java/JavaVirtualMachines/azul-17/Contents/Home!/jdk.naming.rmi" type="simple" />
            <root url="jrt:///Users/vkonovalov/Library/Java/JavaVirtualMachines/azul-17/Contents/Home!/jdk.net" type="simple" />
            <root url="jrt:///Users/vkonovalov/Library/Java/JavaVirtualMachines/azul-17/Contents/Home!/jdk.nio.mapmode" type="simple" />
            <root url="jrt:///Users/vkonovalov/Library/Java/JavaVirtualMachines/azul-17/Contents/Home!/jdk.random" type="simple" />
            <root url="jrt:///Users/vkonovalov/Library/Java/JavaVirtualMachines/azul-17/Contents/Home!/jdk.sctp" type="simple" />
            <root url="jrt:///Users/vkonovalov/Library/Java/JavaVirtualMachines/azul-17/Contents/Home!/jdk.security.auth" type="simple" />
            <root url="jrt:///Users/vkonovalov/Library/Java/JavaVirtualMachines/azul-17/Contents/Home!/jdk.security.jgss" type="simple" />
            <root url="jrt:///Users/vkonovalov/Library/Java/JavaVirtualMachines/azul-17/Contents/Home!/jdk.unsupported" type="simple" />
            <root url="jrt:///Users/vkonovalov/Library/Java/JavaVirtualMachines/azul-17/Contents/Home!/jdk.unsupported.desktop" type="simple" />
            <root url="jrt:///Users/vkonovalov/Library/Java/JavaVirtualMachines/azul-17/Contents/Home!/jdk.xml.dom" type="simple" />
            <root url="jrt:///Users/vkonovalov/Library/Java/JavaVirtualMachines/azul-17/Contents/Home!/jdk.zipfs" type="simple" />
          </root>
        </classPath>
        <javadocPath>
          <root type="composite" />
        </javadocPath>
        <sourcePath>
          <root type="composite">
            <root url="jar://$USER_HOME$/Library/Java/JavaVirtualMachines/azul-17/Contents/Home/lib/src.zip!/java.se" type="simple" />
            <root url="jar://$USER_HOME$/Library/Java/JavaVirtualMachines/azul-17/Contents/Home/lib/src.zip!/jdk.jdi" type="simple" />
            <root url="jar://$USER_HOME$/Library/Java/JavaVirtualMachines/azul-17/Contents/Home/lib/src.zip!/jdk.jfr" type="simple" />
            <root url="jar://$USER_HOME$/Library/Java/JavaVirtualMachines/azul-17/Contents/Home/lib/src.zip!/jdk.net" type="simple" />
            <root url="jar://$USER_HOME$/Library/Java/JavaVirtualMachines/azul-17/Contents/Home/lib/src.zip!/java.rmi" type="simple" />
            <root url="jar://$USER_HOME$/Library/Java/JavaVirtualMachines/azul-17/Contents/Home/lib/src.zip!/java.sql" type="simple" />
            <root url="jar://$USER_HOME$/Library/Java/JavaVirtualMachines/azul-17/Contents/Home/lib/src.zip!/java.xml" type="simple" />
            <root url="jar://$USER_HOME$/Library/Java/JavaVirtualMachines/azul-17/Contents/Home/lib/src.zip!/jdk.jcmd" type="simple" />
            <root url="jar://$USER_HOME$/Library/Java/JavaVirtualMachines/azul-17/Contents/Home/lib/src.zip!/jdk.sctp" type="simple" />
            <root url="jar://$USER_HOME$/Library/Java/JavaVirtualMachines/azul-17/Contents/Home/lib/src.zip!/java.base" type="simple" />
            <root url="jar://$USER_HOME$/Library/Java/JavaVirtualMachines/azul-17/Contents/Home/lib/src.zip!/jdk.jdeps" type="simple" />
            <root url="jar://$USER_HOME$/Library/Java/JavaVirtualMachines/azul-17/Contents/Home/lib/src.zip!/jdk.jlink" type="simple" />
            <root url="jar://$USER_HOME$/Library/Java/JavaVirtualMachines/azul-17/Contents/Home/lib/src.zip!/jdk.zipfs" type="simple" />
            <root url="jar://$USER_HOME$/Library/Java/JavaVirtualMachines/azul-17/Contents/Home/lib/src.zip!/java.prefs" type="simple" />
            <root url="jar://$USER_HOME$/Library/Java/JavaVirtualMachines/azul-17/Contents/Home/lib/src.zip!/jdk.attach" type="simple" />
            <root url="jar://$USER_HOME$/Library/Java/JavaVirtualMachines/azul-17/Contents/Home/lib/src.zip!/jdk.jshell" type="simple" />
            <root url="jar://$USER_HOME$/Library/Java/JavaVirtualMachines/azul-17/Contents/Home/lib/src.zip!/jdk.jstatd" type="simple" />
            <root url="jar://$USER_HOME$/Library/Java/JavaVirtualMachines/azul-17/Contents/Home/lib/src.zip!/jdk.random" type="simple" />
            <root url="jar://$USER_HOME$/Library/Java/JavaVirtualMachines/azul-17/Contents/Home/lib/src.zip!/java.naming" type="simple" />
            <root url="jar://$USER_HOME$/Library/Java/JavaVirtualMachines/azul-17/Contents/Home/lib/src.zip!/jdk.editpad" type="simple" />
            <root url="jar://$USER_HOME$/Library/Java/JavaVirtualMachines/azul-17/Contents/Home/lib/src.zip!/jdk.jartool" type="simple" />
            <root url="jar://$USER_HOME$/Library/Java/JavaVirtualMachines/azul-17/Contents/Home/lib/src.zip!/jdk.javadoc" type="simple" />
            <root url="jar://$USER_HOME$/Library/Java/JavaVirtualMachines/azul-17/Contents/Home/lib/src.zip!/jdk.xml.dom" type="simple" />
            <root url="jar://$USER_HOME$/Library/Java/JavaVirtualMachines/azul-17/Contents/Home/lib/src.zip!/java.desktop" type="simple" />
            <root url="jar://$USER_HOME$/Library/Java/JavaVirtualMachines/azul-17/Contents/Home/lib/src.zip!/java.logging" type="simple" />
            <root url="jar://$USER_HOME$/Library/Java/JavaVirtualMachines/azul-17/Contents/Home/lib/src.zip!/jdk.charsets" type="simple" />
            <root url="jar://$USER_HOME$/Library/Java/JavaVirtualMachines/azul-17/Contents/Home/lib/src.zip!/jdk.compiler" type="simple" />
            <root url="jar://$USER_HOME$/Library/Java/JavaVirtualMachines/azul-17/Contents/Home/lib/src.zip!/jdk.dynalink" type="simple" />
            <root url="jar://$USER_HOME$/Library/Java/JavaVirtualMachines/azul-17/Contents/Home/lib/src.zip!/jdk.jconsole" type="simple" />
            <root url="jar://$USER_HOME$/Library/Java/JavaVirtualMachines/azul-17/Contents/Home/lib/src.zip!/jdk.jpackage" type="simple" />
            <root url="jar://$USER_HOME$/Library/Java/JavaVirtualMachines/azul-17/Contents/Home/lib/src.zip!/jdk.jsobject" type="simple" />
            <root url="jar://$USER_HOME$/Library/Java/JavaVirtualMachines/azul-17/Contents/Home/lib/src.zip!/java.compiler" type="simple" />
            <root url="jar://$USER_HOME$/Library/Java/JavaVirtualMachines/azul-17/Contents/Home/lib/src.zip!/java.net.http" type="simple" />
            <root url="jar://$USER_HOME$/Library/Java/JavaVirtualMachines/azul-17/Contents/Home/lib/src.zip!/jdk.crypto.ec" type="simple" />
            <root url="jar://$USER_HOME$/Library/Java/JavaVirtualMachines/azul-17/Contents/Home/lib/src.zip!/java.scripting" type="simple" />
            <root url="jar://$USER_HOME$/Library/Java/JavaVirtualMachines/azul-17/Contents/Home/lib/src.zip!/jdk.httpserver" type="simple" />
            <root url="jar://$USER_HOME$/Library/Java/JavaVirtualMachines/azul-17/Contents/Home/lib/src.zip!/jdk.jdwp.agent" type="simple" />
            <root url="jar://$USER_HOME$/Library/Java/JavaVirtualMachines/azul-17/Contents/Home/lib/src.zip!/jdk.localedata" type="simple" />
            <root url="jar://$USER_HOME$/Library/Java/JavaVirtualMachines/azul-17/Contents/Home/lib/src.zip!/jdk.management" type="simple" />
            <root url="jar://$USER_HOME$/Library/Java/JavaVirtualMachines/azul-17/Contents/Home/lib/src.zip!/jdk.naming.dns" type="simple" />
            <root url="jar://$USER_HOME$/Library/Java/JavaVirtualMachines/azul-17/Contents/Home/lib/src.zip!/jdk.naming.rmi" type="simple" />
            <root url="jar://$USER_HOME$/Library/Java/JavaVirtualMachines/azul-17/Contents/Home/lib/src.zip!/java.instrument" type="simple" />
            <root url="jar://$USER_HOME$/Library/Java/JavaVirtualMachines/azul-17/Contents/Home/lib/src.zip!/java.management" type="simple" />
            <root url="jar://$USER_HOME$/Library/Java/JavaVirtualMachines/azul-17/Contents/Home/lib/src.zip!/java.sql.rowset" type="simple" />
            <root url="jar://$USER_HOME$/Library/Java/JavaVirtualMachines/azul-17/Contents/Home/lib/src.zip!/java.xml.crypto" type="simple" />
            <root url="jar://$USER_HOME$/Library/Java/JavaVirtualMachines/azul-17/Contents/Home/lib/src.zip!/jdk.internal.ed" type="simple" />
            <root url="jar://$USER_HOME$/Library/Java/JavaVirtualMachines/azul-17/Contents/Home/lib/src.zip!/jdk.internal.le" type="simple" />
            <root url="jar://$USER_HOME$/Library/Java/JavaVirtualMachines/azul-17/Contents/Home/lib/src.zip!/jdk.nio.mapmode" type="simple" />
            <root url="jar://$USER_HOME$/Library/Java/JavaVirtualMachines/azul-17/Contents/Home/lib/src.zip!/jdk.unsupported" type="simple" />
            <root url="jar://$USER_HOME$/Library/Java/JavaVirtualMachines/azul-17/Contents/Home/lib/src.zip!/java.smartcardio" type="simple" />
            <root url="jar://$USER_HOME$/Library/Java/JavaVirtualMachines/azul-17/Contents/Home/lib/src.zip!/jdk.internal.opt" type="simple" />
            <root url="jar://$USER_HOME$/Library/Java/JavaVirtualMachines/azul-17/Contents/Home/lib/src.zip!/java.datatransfer" type="simple" />
            <root url="jar://$USER_HOME$/Library/Java/JavaVirtualMachines/azul-17/Contents/Home/lib/src.zip!/jdk.accessibility" type="simple" />
            <root url="jar://$USER_HOME$/Library/Java/JavaVirtualMachines/azul-17/Contents/Home/lib/src.zip!/jdk.hotspot.agent" type="simple" />
            <root url="jar://$USER_HOME$/Library/Java/JavaVirtualMachines/azul-17/Contents/Home/lib/src.zip!/jdk.security.auth" type="simple" />
            <root url="jar://$USER_HOME$/Library/Java/JavaVirtualMachines/azul-17/Contents/Home/lib/src.zip!/jdk.security.jgss" type="simple" />
            <root url="jar://$USER_HOME$/Library/Java/JavaVirtualMachines/azul-17/Contents/Home/lib/src.zip!/java.security.jgss" type="simple" />
            <root url="jar://$USER_HOME$/Library/Java/JavaVirtualMachines/azul-17/Contents/Home/lib/src.zip!/java.security.sasl" type="simple" />
            <root url="jar://$USER_HOME$/Library/Java/JavaVirtualMachines/azul-17/Contents/Home/lib/src.zip!/jdk.internal.vm.ci" type="simple" />
            <root url="jar://$USER_HOME$/Library/Java/JavaVirtualMachines/azul-17/Contents/Home/lib/src.zip!/jdk.management.jfr" type="simple" />
            <root url="jar://$USER_HOME$/Library/Java/JavaVirtualMachines/azul-17/Contents/Home/lib/src.zip!/java.management.rmi" type="simple" />
            <root url="jar://$USER_HOME$/Library/Java/JavaVirtualMachines/azul-17/Contents/Home/lib/src.zip!/java.transaction.xa" type="simple" />
            <root url="jar://$USER_HOME$/Library/Java/JavaVirtualMachines/azul-17/Contents/Home/lib/src.zip!/jdk.crypto.cryptoki" type="simple" />
            <root url="jar://$USER_HOME$/Library/Java/JavaVirtualMachines/azul-17/Contents/Home/lib/src.zip!/jdk.incubator.vector" type="simple" />
            <root url="jar://$USER_HOME$/Library/Java/JavaVirtualMachines/azul-17/Contents/Home/lib/src.zip!/jdk.internal.jvmstat" type="simple" />
            <root url="jar://$USER_HOME$/Library/Java/JavaVirtualMachines/azul-17/Contents/Home/lib/src.zip!/jdk.management.agent" type="simple" />
            <root url="jar://$USER_HOME$/Library/Java/JavaVirtualMachines/azul-17/Contents/Home/lib/src.zip!/jdk.incubator.foreign" type="simple" />
            <root url="jar://$USER_HOME$/Library/Java/JavaVirtualMachines/azul-17/Contents/Home/lib/src.zip!/jdk.unsupported.desktop" type="simple" />
            <root url="jar://$USER_HOME$/Library/Java/JavaVirtualMachines/azul-17/Contents/Home/lib/src.zip!/jdk.internal.vm.compiler" type="simple" />
            <root url="jar://$USER_HOME$/Library/Java/JavaVirtualMachines/azul-17/Contents/Home/lib/src.zip!/jdk.internal.vm.compiler.management" type="simple" />
          </root>
        </sourcePath>
      </roots>
      <additional />
    </jdk>
    <jdk version="2">
      <name value="liberica-11" />
      <type value="JavaSDK" />
      <version value="BellSoft Liberica version 11.0.12" />
      <homePath value="$USER_HOME$/Library/Java/JavaVirtualMachines/liberica-11.0.12" />
      <roots>
        <annotationsPath>
          <root type="composite" />
        </annotationsPath>
        <classPath>
          <root type="composite">
            <root url="jrt:///Users/vkonovalov/Library/Java/JavaVirtualMachines/liberica-11.0.12!/java.base" type="simple" />
            <root url="jrt:///Users/vkonovalov/Library/Java/JavaVirtualMachines/liberica-11.0.12!/java.compiler" type="simple" />
            <root url="jrt:///Users/vkonovalov/Library/Java/JavaVirtualMachines/liberica-11.0.12!/java.datatransfer" type="simple" />
            <root url="jrt:///Users/vkonovalov/Library/Java/JavaVirtualMachines/liberica-11.0.12!/java.desktop" type="simple" />
            <root url="jrt:///Users/vkonovalov/Library/Java/JavaVirtualMachines/liberica-11.0.12!/java.instrument" type="simple" />
            <root url="jrt:///Users/vkonovalov/Library/Java/JavaVirtualMachines/liberica-11.0.12!/java.logging" type="simple" />
            <root url="jrt:///Users/vkonovalov/Library/Java/JavaVirtualMachines/liberica-11.0.12!/java.management" type="simple" />
            <root url="jrt:///Users/vkonovalov/Library/Java/JavaVirtualMachines/liberica-11.0.12!/java.management.rmi" type="simple" />
            <root url="jrt:///Users/vkonovalov/Library/Java/JavaVirtualMachines/liberica-11.0.12!/java.naming" type="simple" />
            <root url="jrt:///Users/vkonovalov/Library/Java/JavaVirtualMachines/liberica-11.0.12!/java.net.http" type="simple" />
            <root url="jrt:///Users/vkonovalov/Library/Java/JavaVirtualMachines/liberica-11.0.12!/java.prefs" type="simple" />
            <root url="jrt:///Users/vkonovalov/Library/Java/JavaVirtualMachines/liberica-11.0.12!/java.rmi" type="simple" />
            <root url="jrt:///Users/vkonovalov/Library/Java/JavaVirtualMachines/liberica-11.0.12!/java.scripting" type="simple" />
            <root url="jrt:///Users/vkonovalov/Library/Java/JavaVirtualMachines/liberica-11.0.12!/java.se" type="simple" />
            <root url="jrt:///Users/vkonovalov/Library/Java/JavaVirtualMachines/liberica-11.0.12!/java.security.jgss" type="simple" />
            <root url="jrt:///Users/vkonovalov/Library/Java/JavaVirtualMachines/liberica-11.0.12!/java.security.sasl" type="simple" />
            <root url="jrt:///Users/vkonovalov/Library/Java/JavaVirtualMachines/liberica-11.0.12!/java.smartcardio" type="simple" />
            <root url="jrt:///Users/vkonovalov/Library/Java/JavaVirtualMachines/liberica-11.0.12!/java.sql" type="simple" />
            <root url="jrt:///Users/vkonovalov/Library/Java/JavaVirtualMachines/liberica-11.0.12!/java.sql.rowset" type="simple" />
            <root url="jrt:///Users/vkonovalov/Library/Java/JavaVirtualMachines/liberica-11.0.12!/java.transaction.xa" type="simple" />
            <root url="jrt:///Users/vkonovalov/Library/Java/JavaVirtualMachines/liberica-11.0.12!/java.xml" type="simple" />
            <root url="jrt:///Users/vkonovalov/Library/Java/JavaVirtualMachines/liberica-11.0.12!/java.xml.crypto" type="simple" />
            <root url="jrt:///Users/vkonovalov/Library/Java/JavaVirtualMachines/liberica-11.0.12!/javafx.base" type="simple" />
            <root url="jrt:///Users/vkonovalov/Library/Java/JavaVirtualMachines/liberica-11.0.12!/javafx.controls" type="simple" />
            <root url="jrt:///Users/vkonovalov/Library/Java/JavaVirtualMachines/liberica-11.0.12!/javafx.fxml" type="simple" />
            <root url="jrt:///Users/vkonovalov/Library/Java/JavaVirtualMachines/liberica-11.0.12!/javafx.graphics" type="simple" />
            <root url="jrt:///Users/vkonovalov/Library/Java/JavaVirtualMachines/liberica-11.0.12!/javafx.media" type="simple" />
            <root url="jrt:///Users/vkonovalov/Library/Java/JavaVirtualMachines/liberica-11.0.12!/javafx.swing" type="simple" />
            <root url="jrt:///Users/vkonovalov/Library/Java/JavaVirtualMachines/liberica-11.0.12!/javafx.web" type="simple" />
            <root url="jrt:///Users/vkonovalov/Library/Java/JavaVirtualMachines/liberica-11.0.12!/jdk.accessibility" type="simple" />
            <root url="jrt:///Users/vkonovalov/Library/Java/JavaVirtualMachines/liberica-11.0.12!/jdk.aot" type="simple" />
            <root url="jrt:///Users/vkonovalov/Library/Java/JavaVirtualMachines/liberica-11.0.12!/jdk.attach" type="simple" />
            <root url="jrt:///Users/vkonovalov/Library/Java/JavaVirtualMachines/liberica-11.0.12!/jdk.charsets" type="simple" />
            <root url="jrt:///Users/vkonovalov/Library/Java/JavaVirtualMachines/liberica-11.0.12!/jdk.compiler" type="simple" />
            <root url="jrt:///Users/vkonovalov/Library/Java/JavaVirtualMachines/liberica-11.0.12!/jdk.crypto.cryptoki" type="simple" />
            <root url="jrt:///Users/vkonovalov/Library/Java/JavaVirtualMachines/liberica-11.0.12!/jdk.crypto.ec" type="simple" />
            <root url="jrt:///Users/vkonovalov/Library/Java/JavaVirtualMachines/liberica-11.0.12!/jdk.dynalink" type="simple" />
            <root url="jrt:///Users/vkonovalov/Library/Java/JavaVirtualMachines/liberica-11.0.12!/jdk.editpad" type="simple" />
            <root url="jrt:///Users/vkonovalov/Library/Java/JavaVirtualMachines/liberica-11.0.12!/jdk.hotspot.agent" type="simple" />
            <root url="jrt:///Users/vkonovalov/Library/Java/JavaVirtualMachines/liberica-11.0.12!/jdk.httpserver" type="simple" />
            <root url="jrt:///Users/vkonovalov/Library/Java/JavaVirtualMachines/liberica-11.0.12!/jdk.internal.ed" type="simple" />
            <root url="jrt:///Users/vkonovalov/Library/Java/JavaVirtualMachines/liberica-11.0.12!/jdk.internal.jvmstat" type="simple" />
            <root url="jrt:///Users/vkonovalov/Library/Java/JavaVirtualMachines/liberica-11.0.12!/jdk.internal.le" type="simple" />
            <root url="jrt:///Users/vkonovalov/Library/Java/JavaVirtualMachines/liberica-11.0.12!/jdk.internal.opt" type="simple" />
            <root url="jrt:///Users/vkonovalov/Library/Java/JavaVirtualMachines/liberica-11.0.12!/jdk.internal.vm.ci" type="simple" />
            <root url="jrt:///Users/vkonovalov/Library/Java/JavaVirtualMachines/liberica-11.0.12!/jdk.internal.vm.compiler" type="simple" />
            <root url="jrt:///Users/vkonovalov/Library/Java/JavaVirtualMachines/liberica-11.0.12!/jdk.internal.vm.compiler.management" type="simple" />
            <root url="jrt:///Users/vkonovalov/Library/Java/JavaVirtualMachines/liberica-11.0.12!/jdk.jartool" type="simple" />
            <root url="jrt:///Users/vkonovalov/Library/Java/JavaVirtualMachines/liberica-11.0.12!/jdk.javadoc" type="simple" />
            <root url="jrt:///Users/vkonovalov/Library/Java/JavaVirtualMachines/liberica-11.0.12!/jdk.jcmd" type="simple" />
            <root url="jrt:///Users/vkonovalov/Library/Java/JavaVirtualMachines/liberica-11.0.12!/jdk.jconsole" type="simple" />
            <root url="jrt:///Users/vkonovalov/Library/Java/JavaVirtualMachines/liberica-11.0.12!/jdk.jdeps" type="simple" />
            <root url="jrt:///Users/vkonovalov/Library/Java/JavaVirtualMachines/liberica-11.0.12!/jdk.jdi" type="simple" />
            <root url="jrt:///Users/vkonovalov/Library/Java/JavaVirtualMachines/liberica-11.0.12!/jdk.jdwp.agent" type="simple" />
            <root url="jrt:///Users/vkonovalov/Library/Java/JavaVirtualMachines/liberica-11.0.12!/jdk.jfr" type="simple" />
            <root url="jrt:///Users/vkonovalov/Library/Java/JavaVirtualMachines/liberica-11.0.12!/jdk.jlink" type="simple" />
            <root url="jrt:///Users/vkonovalov/Library/Java/JavaVirtualMachines/liberica-11.0.12!/jdk.jshell" type="simple" />
            <root url="jrt:///Users/vkonovalov/Library/Java/JavaVirtualMachines/liberica-11.0.12!/jdk.jsobject" type="simple" />
            <root url="jrt:///Users/vkonovalov/Library/Java/JavaVirtualMachines/liberica-11.0.12!/jdk.jstatd" type="simple" />
            <root url="jrt:///Users/vkonovalov/Library/Java/JavaVirtualMachines/liberica-11.0.12!/jdk.localedata" type="simple" />
            <root url="jrt:///Users/vkonovalov/Library/Java/JavaVirtualMachines/liberica-11.0.12!/jdk.management" type="simple" />
            <root url="jrt:///Users/vkonovalov/Library/Java/JavaVirtualMachines/liberica-11.0.12!/jdk.management.agent" type="simple" />
            <root url="jrt:///Users/vkonovalov/Library/Java/JavaVirtualMachines/liberica-11.0.12!/jdk.management.jfr" type="simple" />
            <root url="jrt:///Users/vkonovalov/Library/Java/JavaVirtualMachines/liberica-11.0.12!/jdk.naming.dns" type="simple" />
            <root url="jrt:///Users/vkonovalov/Library/Java/JavaVirtualMachines/liberica-11.0.12!/jdk.naming.ldap" type="simple" />
            <root url="jrt:///Users/vkonovalov/Library/Java/JavaVirtualMachines/liberica-11.0.12!/jdk.naming.rmi" type="simple" />
            <root url="jrt:///Users/vkonovalov/Library/Java/JavaVirtualMachines/liberica-11.0.12!/jdk.net" type="simple" />
            <root url="jrt:///Users/vkonovalov/Library/Java/JavaVirtualMachines/liberica-11.0.12!/jdk.pack" type="simple" />
            <root url="jrt:///Users/vkonovalov/Library/Java/JavaVirtualMachines/liberica-11.0.12!/jdk.packager" type="simple" />
            <root url="jrt:///Users/vkonovalov/Library/Java/JavaVirtualMachines/liberica-11.0.12!/jdk.packager.services" type="simple" />
            <root url="jrt:///Users/vkonovalov/Library/Java/JavaVirtualMachines/liberica-11.0.12!/jdk.rmic" type="simple" />
            <root url="jrt:///Users/vkonovalov/Library/Java/JavaVirtualMachines/liberica-11.0.12!/jdk.scripting.nashorn" type="simple" />
            <root url="jrt:///Users/vkonovalov/Library/Java/JavaVirtualMachines/liberica-11.0.12!/jdk.scripting.nashorn.shell" type="simple" />
            <root url="jrt:///Users/vkonovalov/Library/Java/JavaVirtualMachines/liberica-11.0.12!/jdk.sctp" type="simple" />
            <root url="jrt:///Users/vkonovalov/Library/Java/JavaVirtualMachines/liberica-11.0.12!/jdk.security.auth" type="simple" />
            <root url="jrt:///Users/vkonovalov/Library/Java/JavaVirtualMachines/liberica-11.0.12!/jdk.security.jgss" type="simple" />
            <root url="jrt:///Users/vkonovalov/Library/Java/JavaVirtualMachines/liberica-11.0.12!/jdk.unsupported" type="simple" />
            <root url="jrt:///Users/vkonovalov/Library/Java/JavaVirtualMachines/liberica-11.0.12!/jdk.unsupported.desktop" type="simple" />
            <root url="jrt:///Users/vkonovalov/Library/Java/JavaVirtualMachines/liberica-11.0.12!/jdk.xml.dom" type="simple" />
            <root url="jrt:///Users/vkonovalov/Library/Java/JavaVirtualMachines/liberica-11.0.12!/jdk.zipfs" type="simple" />
          </root>
        </classPath>
        <javadocPath>
          <root type="composite" />
        </javadocPath>
        <sourcePath>
          <root type="composite">
            <root url="jar://$USER_HOME$/Library/Java/JavaVirtualMachines/liberica-11.0.12/lib/src.zip!/java.se" type="simple" />
            <root url="jar://$USER_HOME$/Library/Java/JavaVirtualMachines/liberica-11.0.12/lib/src.zip!/jdk.aot" type="simple" />
            <root url="jar://$USER_HOME$/Library/Java/JavaVirtualMachines/liberica-11.0.12/lib/src.zip!/jdk.jdi" type="simple" />
            <root url="jar://$USER_HOME$/Library/Java/JavaVirtualMachines/liberica-11.0.12/lib/src.zip!/jdk.jfr" type="simple" />
            <root url="jar://$USER_HOME$/Library/Java/JavaVirtualMachines/liberica-11.0.12/lib/src.zip!/jdk.net" type="simple" />
            <root url="jar://$USER_HOME$/Library/Java/JavaVirtualMachines/liberica-11.0.12/lib/src.zip!/java.rmi" type="simple" />
            <root url="jar://$USER_HOME$/Library/Java/JavaVirtualMachines/liberica-11.0.12/lib/src.zip!/java.sql" type="simple" />
            <root url="jar://$USER_HOME$/Library/Java/JavaVirtualMachines/liberica-11.0.12/lib/src.zip!/java.xml" type="simple" />
            <root url="jar://$USER_HOME$/Library/Java/JavaVirtualMachines/liberica-11.0.12/lib/src.zip!/jdk.jcmd" type="simple" />
            <root url="jar://$USER_HOME$/Library/Java/JavaVirtualMachines/liberica-11.0.12/lib/src.zip!/jdk.pack" type="simple" />
            <root url="jar://$USER_HOME$/Library/Java/JavaVirtualMachines/liberica-11.0.12/lib/src.zip!/jdk.rmic" type="simple" />
            <root url="jar://$USER_HOME$/Library/Java/JavaVirtualMachines/liberica-11.0.12/lib/src.zip!/jdk.sctp" type="simple" />
            <root url="jar://$USER_HOME$/Library/Java/JavaVirtualMachines/liberica-11.0.12/lib/src.zip!/java.base" type="simple" />
            <root url="jar://$USER_HOME$/Library/Java/JavaVirtualMachines/liberica-11.0.12/lib/src.zip!/jdk.jdeps" type="simple" />
            <root url="jar://$USER_HOME$/Library/Java/JavaVirtualMachines/liberica-11.0.12/lib/src.zip!/jdk.jlink" type="simple" />
            <root url="jar://$USER_HOME$/Library/Java/JavaVirtualMachines/liberica-11.0.12/lib/src.zip!/jdk.zipfs" type="simple" />
            <root url="jar://$USER_HOME$/Library/Java/JavaVirtualMachines/liberica-11.0.12/lib/src.zip!/java.prefs" type="simple" />
            <root url="jar://$USER_HOME$/Library/Java/JavaVirtualMachines/liberica-11.0.12/lib/src.zip!/javafx.web" type="simple" />
            <root url="jar://$USER_HOME$/Library/Java/JavaVirtualMachines/liberica-11.0.12/lib/src.zip!/jdk.attach" type="simple" />
            <root url="jar://$USER_HOME$/Library/Java/JavaVirtualMachines/liberica-11.0.12/lib/src.zip!/jdk.jshell" type="simple" />
            <root url="jar://$USER_HOME$/Library/Java/JavaVirtualMachines/liberica-11.0.12/lib/src.zip!/jdk.jstatd" type="simple" />
            <root url="jar://$USER_HOME$/Library/Java/JavaVirtualMachines/liberica-11.0.12/lib/src.zip!/java.naming" type="simple" />
            <root url="jar://$USER_HOME$/Library/Java/JavaVirtualMachines/liberica-11.0.12/lib/src.zip!/javafx.base" type="simple" />
            <root url="jar://$USER_HOME$/Library/Java/JavaVirtualMachines/liberica-11.0.12/lib/src.zip!/javafx.fxml" type="simple" />
            <root url="jar://$USER_HOME$/Library/Java/JavaVirtualMachines/liberica-11.0.12/lib/src.zip!/jdk.editpad" type="simple" />
            <root url="jar://$USER_HOME$/Library/Java/JavaVirtualMachines/liberica-11.0.12/lib/src.zip!/jdk.jartool" type="simple" />
            <root url="jar://$USER_HOME$/Library/Java/JavaVirtualMachines/liberica-11.0.12/lib/src.zip!/jdk.javadoc" type="simple" />
            <root url="jar://$USER_HOME$/Library/Java/JavaVirtualMachines/liberica-11.0.12/lib/src.zip!/jdk.xml.dom" type="simple" />
            <root url="jar://$USER_HOME$/Library/Java/JavaVirtualMachines/liberica-11.0.12/lib/src.zip!/java.desktop" type="simple" />
            <root url="jar://$USER_HOME$/Library/Java/JavaVirtualMachines/liberica-11.0.12/lib/src.zip!/java.logging" type="simple" />
            <root url="jar://$USER_HOME$/Library/Java/JavaVirtualMachines/liberica-11.0.12/lib/src.zip!/javafx.media" type="simple" />
            <root url="jar://$USER_HOME$/Library/Java/JavaVirtualMachines/liberica-11.0.12/lib/src.zip!/javafx.swing" type="simple" />
            <root url="jar://$USER_HOME$/Library/Java/JavaVirtualMachines/liberica-11.0.12/lib/src.zip!/jdk.charsets" type="simple" />
            <root url="jar://$USER_HOME$/Library/Java/JavaVirtualMachines/liberica-11.0.12/lib/src.zip!/jdk.compiler" type="simple" />
            <root url="jar://$USER_HOME$/Library/Java/JavaVirtualMachines/liberica-11.0.12/lib/src.zip!/jdk.dynalink" type="simple" />
            <root url="jar://$USER_HOME$/Library/Java/JavaVirtualMachines/liberica-11.0.12/lib/src.zip!/jdk.jconsole" type="simple" />
            <root url="jar://$USER_HOME$/Library/Java/JavaVirtualMachines/liberica-11.0.12/lib/src.zip!/jdk.jsobject" type="simple" />
            <root url="jar://$USER_HOME$/Library/Java/JavaVirtualMachines/liberica-11.0.12/lib/src.zip!/jdk.packager" type="simple" />
            <root url="jar://$USER_HOME$/Library/Java/JavaVirtualMachines/liberica-11.0.12/lib/src.zip!/java.compiler" type="simple" />
            <root url="jar://$USER_HOME$/Library/Java/JavaVirtualMachines/liberica-11.0.12/lib/src.zip!/java.net.http" type="simple" />
            <root url="jar://$USER_HOME$/Library/Java/JavaVirtualMachines/liberica-11.0.12/lib/src.zip!/jdk.crypto.ec" type="simple" />
            <root url="jar://$USER_HOME$/Library/Java/JavaVirtualMachines/liberica-11.0.12/lib/src.zip!/java.scripting" type="simple" />
            <root url="jar://$USER_HOME$/Library/Java/JavaVirtualMachines/liberica-11.0.12/lib/src.zip!/jdk.httpserver" type="simple" />
            <root url="jar://$USER_HOME$/Library/Java/JavaVirtualMachines/liberica-11.0.12/lib/src.zip!/jdk.jdwp.agent" type="simple" />
            <root url="jar://$USER_HOME$/Library/Java/JavaVirtualMachines/liberica-11.0.12/lib/src.zip!/jdk.localedata" type="simple" />
            <root url="jar://$USER_HOME$/Library/Java/JavaVirtualMachines/liberica-11.0.12/lib/src.zip!/jdk.management" type="simple" />
            <root url="jar://$USER_HOME$/Library/Java/JavaVirtualMachines/liberica-11.0.12/lib/src.zip!/jdk.naming.dns" type="simple" />
            <root url="jar://$USER_HOME$/Library/Java/JavaVirtualMachines/liberica-11.0.12/lib/src.zip!/jdk.naming.rmi" type="simple" />
            <root url="jar://$USER_HOME$/Library/Java/JavaVirtualMachines/liberica-11.0.12/lib/src.zip!/java.instrument" type="simple" />
            <root url="jar://$USER_HOME$/Library/Java/JavaVirtualMachines/liberica-11.0.12/lib/src.zip!/java.management" type="simple" />
            <root url="jar://$USER_HOME$/Library/Java/JavaVirtualMachines/liberica-11.0.12/lib/src.zip!/java.sql.rowset" type="simple" />
            <root url="jar://$USER_HOME$/Library/Java/JavaVirtualMachines/liberica-11.0.12/lib/src.zip!/java.xml.crypto" type="simple" />
            <root url="jar://$USER_HOME$/Library/Java/JavaVirtualMachines/liberica-11.0.12/lib/src.zip!/javafx.controls" type="simple" />
            <root url="jar://$USER_HOME$/Library/Java/JavaVirtualMachines/liberica-11.0.12/lib/src.zip!/javafx.graphics" type="simple" />
            <root url="jar://$USER_HOME$/Library/Java/JavaVirtualMachines/liberica-11.0.12/lib/src.zip!/jdk.internal.ed" type="simple" />
            <root url="jar://$USER_HOME$/Library/Java/JavaVirtualMachines/liberica-11.0.12/lib/src.zip!/jdk.internal.le" type="simple" />
            <root url="jar://$USER_HOME$/Library/Java/JavaVirtualMachines/liberica-11.0.12/lib/src.zip!/jdk.naming.ldap" type="simple" />
            <root url="jar://$USER_HOME$/Library/Java/JavaVirtualMachines/liberica-11.0.12/lib/src.zip!/jdk.unsupported" type="simple" />
            <root url="jar://$USER_HOME$/Library/Java/JavaVirtualMachines/liberica-11.0.12/lib/src.zip!/java.smartcardio" type="simple" />
            <root url="jar://$USER_HOME$/Library/Java/JavaVirtualMachines/liberica-11.0.12/lib/src.zip!/jdk.internal.opt" type="simple" />
            <root url="jar://$USER_HOME$/Library/Java/JavaVirtualMachines/liberica-11.0.12/lib/src.zip!/java.datatransfer" type="simple" />
            <root url="jar://$USER_HOME$/Library/Java/JavaVirtualMachines/liberica-11.0.12/lib/src.zip!/jdk.accessibility" type="simple" />
            <root url="jar://$USER_HOME$/Library/Java/JavaVirtualMachines/liberica-11.0.12/lib/src.zip!/jdk.hotspot.agent" type="simple" />
            <root url="jar://$USER_HOME$/Library/Java/JavaVirtualMachines/liberica-11.0.12/lib/src.zip!/jdk.security.auth" type="simple" />
            <root url="jar://$USER_HOME$/Library/Java/JavaVirtualMachines/liberica-11.0.12/lib/src.zip!/jdk.security.jgss" type="simple" />
            <root url="jar://$USER_HOME$/Library/Java/JavaVirtualMachines/liberica-11.0.12/lib/src.zip!/java.security.jgss" type="simple" />
            <root url="jar://$USER_HOME$/Library/Java/JavaVirtualMachines/liberica-11.0.12/lib/src.zip!/java.security.sasl" type="simple" />
            <root url="jar://$USER_HOME$/Library/Java/JavaVirtualMachines/liberica-11.0.12/lib/src.zip!/jdk.internal.vm.ci" type="simple" />
            <root url="jar://$USER_HOME$/Library/Java/JavaVirtualMachines/liberica-11.0.12/lib/src.zip!/jdk.management.jfr" type="simple" />
            <root url="jar://$USER_HOME$/Library/Java/JavaVirtualMachines/liberica-11.0.12/lib/src.zip!/java.management.rmi" type="simple" />
            <root url="jar://$USER_HOME$/Library/Java/JavaVirtualMachines/liberica-11.0.12/lib/src.zip!/java.transaction.xa" type="simple" />
            <root url="jar://$USER_HOME$/Library/Java/JavaVirtualMachines/liberica-11.0.12/lib/src.zip!/jdk.crypto.cryptoki" type="simple" />
            <root url="jar://$USER_HOME$/Library/Java/JavaVirtualMachines/liberica-11.0.12/lib/src.zip!/jdk.internal.jvmstat" type="simple" />
            <root url="jar://$USER_HOME$/Library/Java/JavaVirtualMachines/liberica-11.0.12/lib/src.zip!/jdk.management.agent" type="simple" />
            <root url="jar://$USER_HOME$/Library/Java/JavaVirtualMachines/liberica-11.0.12/lib/src.zip!/jdk.packager.services" type="simple" />
            <root url="jar://$USER_HOME$/Library/Java/JavaVirtualMachines/liberica-11.0.12/lib/src.zip!/jdk.scripting.nashorn" type="simple" />
            <root url="jar://$USER_HOME$/Library/Java/JavaVirtualMachines/liberica-11.0.12/lib/src.zip!/jdk.unsupported.desktop" type="simple" />
            <root url="jar://$USER_HOME$/Library/Java/JavaVirtualMachines/liberica-11.0.12/lib/src.zip!/jdk.internal.vm.compiler" type="simple" />
            <root url="jar://$USER_HOME$/Library/Java/JavaVirtualMachines/liberica-11.0.12/lib/src.zip!/jdk.scripting.nashorn.shell" type="simple" />
            <root url="jar://$USER_HOME$/Library/Java/JavaVirtualMachines/liberica-11.0.12/lib/src.zip!/jdk.internal.vm.compiler.management" type="simple" />
          </root>
        </sourcePath>
      </roots>
      <additional />
    </jdk>
    <jdk version="2">
      <name value="" />
      <type value="JavaSDK" />
      <homePath value="/" />
      <roots>
        <annotationsPath>
          <root type="composite" />
        </annotationsPath>
        <classPath>
          <root type="composite" />
        </classPath>
        <javadocPath>
          <root type="composite" />
        </javadocPath>
        <sourcePath>
          <root type="composite" />
        </sourcePath>
      </roots>
      <additional />
    </jdk>
    <jdk version="2">
      <name value="11" />
      <type value="JavaSDK" />
      <version value="version 11.0.12" />
      <homePath value="/Library/Java/JavaVirtualMachines/microsoft-11.jdk/Contents/Home" />
      <roots>
        <annotationsPath>
          <root type="composite" />
        </annotationsPath>
        <classPath>
          <root type="composite">
            <root url="jrt:///Library/Java/JavaVirtualMachines/microsoft-11.jdk/Contents/Home!/java.base" type="simple" />
            <root url="jrt:///Library/Java/JavaVirtualMachines/microsoft-11.jdk/Contents/Home!/java.compiler" type="simple" />
            <root url="jrt:///Library/Java/JavaVirtualMachines/microsoft-11.jdk/Contents/Home!/java.datatransfer" type="simple" />
            <root url="jrt:///Library/Java/JavaVirtualMachines/microsoft-11.jdk/Contents/Home!/java.desktop" type="simple" />
            <root url="jrt:///Library/Java/JavaVirtualMachines/microsoft-11.jdk/Contents/Home!/java.instrument" type="simple" />
            <root url="jrt:///Library/Java/JavaVirtualMachines/microsoft-11.jdk/Contents/Home!/java.logging" type="simple" />
            <root url="jrt:///Library/Java/JavaVirtualMachines/microsoft-11.jdk/Contents/Home!/java.management" type="simple" />
            <root url="jrt:///Library/Java/JavaVirtualMachines/microsoft-11.jdk/Contents/Home!/java.management.rmi" type="simple" />
            <root url="jrt:///Library/Java/JavaVirtualMachines/microsoft-11.jdk/Contents/Home!/java.naming" type="simple" />
            <root url="jrt:///Library/Java/JavaVirtualMachines/microsoft-11.jdk/Contents/Home!/java.net.http" type="simple" />
            <root url="jrt:///Library/Java/JavaVirtualMachines/microsoft-11.jdk/Contents/Home!/java.prefs" type="simple" />
            <root url="jrt:///Library/Java/JavaVirtualMachines/microsoft-11.jdk/Contents/Home!/java.rmi" type="simple" />
            <root url="jrt:///Library/Java/JavaVirtualMachines/microsoft-11.jdk/Contents/Home!/java.scripting" type="simple" />
            <root url="jrt:///Library/Java/JavaVirtualMachines/microsoft-11.jdk/Contents/Home!/java.se" type="simple" />
            <root url="jrt:///Library/Java/JavaVirtualMachines/microsoft-11.jdk/Contents/Home!/java.security.jgss" type="simple" />
            <root url="jrt:///Library/Java/JavaVirtualMachines/microsoft-11.jdk/Contents/Home!/java.security.sasl" type="simple" />
            <root url="jrt:///Library/Java/JavaVirtualMachines/microsoft-11.jdk/Contents/Home!/java.smartcardio" type="simple" />
            <root url="jrt:///Library/Java/JavaVirtualMachines/microsoft-11.jdk/Contents/Home!/java.sql" type="simple" />
            <root url="jrt:///Library/Java/JavaVirtualMachines/microsoft-11.jdk/Contents/Home!/java.sql.rowset" type="simple" />
            <root url="jrt:///Library/Java/JavaVirtualMachines/microsoft-11.jdk/Contents/Home!/java.transaction.xa" type="simple" />
            <root url="jrt:///Library/Java/JavaVirtualMachines/microsoft-11.jdk/Contents/Home!/java.xml" type="simple" />
            <root url="jrt:///Library/Java/JavaVirtualMachines/microsoft-11.jdk/Contents/Home!/java.xml.crypto" type="simple" />
            <root url="jrt:///Library/Java/JavaVirtualMachines/microsoft-11.jdk/Contents/Home!/jdk.accessibility" type="simple" />
            <root url="jrt:///Library/Java/JavaVirtualMachines/microsoft-11.jdk/Contents/Home!/jdk.aot" type="simple" />
            <root url="jrt:///Library/Java/JavaVirtualMachines/microsoft-11.jdk/Contents/Home!/jdk.attach" type="simple" />
            <root url="jrt:///Library/Java/JavaVirtualMachines/microsoft-11.jdk/Contents/Home!/jdk.charsets" type="simple" />
            <root url="jrt:///Library/Java/JavaVirtualMachines/microsoft-11.jdk/Contents/Home!/jdk.compiler" type="simple" />
            <root url="jrt:///Library/Java/JavaVirtualMachines/microsoft-11.jdk/Contents/Home!/jdk.crypto.cryptoki" type="simple" />
            <root url="jrt:///Library/Java/JavaVirtualMachines/microsoft-11.jdk/Contents/Home!/jdk.crypto.ec" type="simple" />
            <root url="jrt:///Library/Java/JavaVirtualMachines/microsoft-11.jdk/Contents/Home!/jdk.dynalink" type="simple" />
            <root url="jrt:///Library/Java/JavaVirtualMachines/microsoft-11.jdk/Contents/Home!/jdk.editpad" type="simple" />
            <root url="jrt:///Library/Java/JavaVirtualMachines/microsoft-11.jdk/Contents/Home!/jdk.hotspot.agent" type="simple" />
            <root url="jrt:///Library/Java/JavaVirtualMachines/microsoft-11.jdk/Contents/Home!/jdk.httpserver" type="simple" />
            <root url="jrt:///Library/Java/JavaVirtualMachines/microsoft-11.jdk/Contents/Home!/jdk.internal.ed" type="simple" />
            <root url="jrt:///Library/Java/JavaVirtualMachines/microsoft-11.jdk/Contents/Home!/jdk.internal.jvmstat" type="simple" />
            <root url="jrt:///Library/Java/JavaVirtualMachines/microsoft-11.jdk/Contents/Home!/jdk.internal.le" type="simple" />
            <root url="jrt:///Library/Java/JavaVirtualMachines/microsoft-11.jdk/Contents/Home!/jdk.internal.opt" type="simple" />
            <root url="jrt:///Library/Java/JavaVirtualMachines/microsoft-11.jdk/Contents/Home!/jdk.internal.vm.ci" type="simple" />
            <root url="jrt:///Library/Java/JavaVirtualMachines/microsoft-11.jdk/Contents/Home!/jdk.internal.vm.compiler" type="simple" />
            <root url="jrt:///Library/Java/JavaVirtualMachines/microsoft-11.jdk/Contents/Home!/jdk.internal.vm.compiler.management" type="simple" />
            <root url="jrt:///Library/Java/JavaVirtualMachines/microsoft-11.jdk/Contents/Home!/jdk.jartool" type="simple" />
            <root url="jrt:///Library/Java/JavaVirtualMachines/microsoft-11.jdk/Contents/Home!/jdk.javadoc" type="simple" />
            <root url="jrt:///Library/Java/JavaVirtualMachines/microsoft-11.jdk/Contents/Home!/jdk.jcmd" type="simple" />
            <root url="jrt:///Library/Java/JavaVirtualMachines/microsoft-11.jdk/Contents/Home!/jdk.jconsole" type="simple" />
            <root url="jrt:///Library/Java/JavaVirtualMachines/microsoft-11.jdk/Contents/Home!/jdk.jdeps" type="simple" />
            <root url="jrt:///Library/Java/JavaVirtualMachines/microsoft-11.jdk/Contents/Home!/jdk.jdi" type="simple" />
            <root url="jrt:///Library/Java/JavaVirtualMachines/microsoft-11.jdk/Contents/Home!/jdk.jdwp.agent" type="simple" />
            <root url="jrt:///Library/Java/JavaVirtualMachines/microsoft-11.jdk/Contents/Home!/jdk.jfr" type="simple" />
            <root url="jrt:///Library/Java/JavaVirtualMachines/microsoft-11.jdk/Contents/Home!/jdk.jlink" type="simple" />
            <root url="jrt:///Library/Java/JavaVirtualMachines/microsoft-11.jdk/Contents/Home!/jdk.jshell" type="simple" />
            <root url="jrt:///Library/Java/JavaVirtualMachines/microsoft-11.jdk/Contents/Home!/jdk.jsobject" type="simple" />
            <root url="jrt:///Library/Java/JavaVirtualMachines/microsoft-11.jdk/Contents/Home!/jdk.jstatd" type="simple" />
            <root url="jrt:///Library/Java/JavaVirtualMachines/microsoft-11.jdk/Contents/Home!/jdk.localedata" type="simple" />
            <root url="jrt:///Library/Java/JavaVirtualMachines/microsoft-11.jdk/Contents/Home!/jdk.management" type="simple" />
            <root url="jrt:///Library/Java/JavaVirtualMachines/microsoft-11.jdk/Contents/Home!/jdk.management.agent" type="simple" />
            <root url="jrt:///Library/Java/JavaVirtualMachines/microsoft-11.jdk/Contents/Home!/jdk.management.jfr" type="simple" />
            <root url="jrt:///Library/Java/JavaVirtualMachines/microsoft-11.jdk/Contents/Home!/jdk.naming.dns" type="simple" />
            <root url="jrt:///Library/Java/JavaVirtualMachines/microsoft-11.jdk/Contents/Home!/jdk.naming.ldap" type="simple" />
            <root url="jrt:///Library/Java/JavaVirtualMachines/microsoft-11.jdk/Contents/Home!/jdk.naming.rmi" type="simple" />
            <root url="jrt:///Library/Java/JavaVirtualMachines/microsoft-11.jdk/Contents/Home!/jdk.net" type="simple" />
            <root url="jrt:///Library/Java/JavaVirtualMachines/microsoft-11.jdk/Contents/Home!/jdk.pack" type="simple" />
            <root url="jrt:///Library/Java/JavaVirtualMachines/microsoft-11.jdk/Contents/Home!/jdk.rmic" type="simple" />
            <root url="jrt:///Library/Java/JavaVirtualMachines/microsoft-11.jdk/Contents/Home!/jdk.scripting.nashorn" type="simple" />
            <root url="jrt:///Library/Java/JavaVirtualMachines/microsoft-11.jdk/Contents/Home!/jdk.scripting.nashorn.shell" type="simple" />
            <root url="jrt:///Library/Java/JavaVirtualMachines/microsoft-11.jdk/Contents/Home!/jdk.sctp" type="simple" />
            <root url="jrt:///Library/Java/JavaVirtualMachines/microsoft-11.jdk/Contents/Home!/jdk.security.auth" type="simple" />
            <root url="jrt:///Library/Java/JavaVirtualMachines/microsoft-11.jdk/Contents/Home!/jdk.security.jgss" type="simple" />
            <root url="jrt:///Library/Java/JavaVirtualMachines/microsoft-11.jdk/Contents/Home!/jdk.unsupported" type="simple" />
            <root url="jrt:///Library/Java/JavaVirtualMachines/microsoft-11.jdk/Contents/Home!/jdk.unsupported.desktop" type="simple" />
            <root url="jrt:///Library/Java/JavaVirtualMachines/microsoft-11.jdk/Contents/Home!/jdk.xml.dom" type="simple" />
            <root url="jrt:///Library/Java/JavaVirtualMachines/microsoft-11.jdk/Contents/Home!/jdk.zipfs" type="simple" />
          </root>
        </classPath>
        <javadocPath>
          <root type="composite" />
        </javadocPath>
        <sourcePath>
          <root type="composite">
            <root url="jar:///Library/Java/JavaVirtualMachines/microsoft-11.jdk/Contents/Home/lib/src.zip!/java.se" type="simple" />
            <root url="jar:///Library/Java/JavaVirtualMachines/microsoft-11.jdk/Contents/Home/lib/src.zip!/jdk.aot" type="simple" />
            <root url="jar:///Library/Java/JavaVirtualMachines/microsoft-11.jdk/Contents/Home/lib/src.zip!/jdk.jdi" type="simple" />
            <root url="jar:///Library/Java/JavaVirtualMachines/microsoft-11.jdk/Contents/Home/lib/src.zip!/jdk.jfr" type="simple" />
            <root url="jar:///Library/Java/JavaVirtualMachines/microsoft-11.jdk/Contents/Home/lib/src.zip!/jdk.net" type="simple" />
            <root url="jar:///Library/Java/JavaVirtualMachines/microsoft-11.jdk/Contents/Home/lib/src.zip!/java.rmi" type="simple" />
            <root url="jar:///Library/Java/JavaVirtualMachines/microsoft-11.jdk/Contents/Home/lib/src.zip!/java.sql" type="simple" />
            <root url="jar:///Library/Java/JavaVirtualMachines/microsoft-11.jdk/Contents/Home/lib/src.zip!/java.xml" type="simple" />
            <root url="jar:///Library/Java/JavaVirtualMachines/microsoft-11.jdk/Contents/Home/lib/src.zip!/jdk.jcmd" type="simple" />
            <root url="jar:///Library/Java/JavaVirtualMachines/microsoft-11.jdk/Contents/Home/lib/src.zip!/jdk.pack" type="simple" />
            <root url="jar:///Library/Java/JavaVirtualMachines/microsoft-11.jdk/Contents/Home/lib/src.zip!/jdk.rmic" type="simple" />
            <root url="jar:///Library/Java/JavaVirtualMachines/microsoft-11.jdk/Contents/Home/lib/src.zip!/jdk.sctp" type="simple" />
            <root url="jar:///Library/Java/JavaVirtualMachines/microsoft-11.jdk/Contents/Home/lib/src.zip!/java.base" type="simple" />
            <root url="jar:///Library/Java/JavaVirtualMachines/microsoft-11.jdk/Contents/Home/lib/src.zip!/jdk.jdeps" type="simple" />
            <root url="jar:///Library/Java/JavaVirtualMachines/microsoft-11.jdk/Contents/Home/lib/src.zip!/jdk.jlink" type="simple" />
            <root url="jar:///Library/Java/JavaVirtualMachines/microsoft-11.jdk/Contents/Home/lib/src.zip!/jdk.zipfs" type="simple" />
            <root url="jar:///Library/Java/JavaVirtualMachines/microsoft-11.jdk/Contents/Home/lib/src.zip!/java.prefs" type="simple" />
            <root url="jar:///Library/Java/JavaVirtualMachines/microsoft-11.jdk/Contents/Home/lib/src.zip!/jdk.attach" type="simple" />
            <root url="jar:///Library/Java/JavaVirtualMachines/microsoft-11.jdk/Contents/Home/lib/src.zip!/jdk.jshell" type="simple" />
            <root url="jar:///Library/Java/JavaVirtualMachines/microsoft-11.jdk/Contents/Home/lib/src.zip!/jdk.jstatd" type="simple" />
            <root url="jar:///Library/Java/JavaVirtualMachines/microsoft-11.jdk/Contents/Home/lib/src.zip!/java.naming" type="simple" />
            <root url="jar:///Library/Java/JavaVirtualMachines/microsoft-11.jdk/Contents/Home/lib/src.zip!/jdk.editpad" type="simple" />
            <root url="jar:///Library/Java/JavaVirtualMachines/microsoft-11.jdk/Contents/Home/lib/src.zip!/jdk.jartool" type="simple" />
            <root url="jar:///Library/Java/JavaVirtualMachines/microsoft-11.jdk/Contents/Home/lib/src.zip!/jdk.javadoc" type="simple" />
            <root url="jar:///Library/Java/JavaVirtualMachines/microsoft-11.jdk/Contents/Home/lib/src.zip!/jdk.xml.dom" type="simple" />
            <root url="jar:///Library/Java/JavaVirtualMachines/microsoft-11.jdk/Contents/Home/lib/src.zip!/java.desktop" type="simple" />
            <root url="jar:///Library/Java/JavaVirtualMachines/microsoft-11.jdk/Contents/Home/lib/src.zip!/java.logging" type="simple" />
            <root url="jar:///Library/Java/JavaVirtualMachines/microsoft-11.jdk/Contents/Home/lib/src.zip!/jdk.charsets" type="simple" />
            <root url="jar:///Library/Java/JavaVirtualMachines/microsoft-11.jdk/Contents/Home/lib/src.zip!/jdk.compiler" type="simple" />
            <root url="jar:///Library/Java/JavaVirtualMachines/microsoft-11.jdk/Contents/Home/lib/src.zip!/jdk.dynalink" type="simple" />
            <root url="jar:///Library/Java/JavaVirtualMachines/microsoft-11.jdk/Contents/Home/lib/src.zip!/jdk.jconsole" type="simple" />
            <root url="jar:///Library/Java/JavaVirtualMachines/microsoft-11.jdk/Contents/Home/lib/src.zip!/jdk.jsobject" type="simple" />
            <root url="jar:///Library/Java/JavaVirtualMachines/microsoft-11.jdk/Contents/Home/lib/src.zip!/java.compiler" type="simple" />
            <root url="jar:///Library/Java/JavaVirtualMachines/microsoft-11.jdk/Contents/Home/lib/src.zip!/java.net.http" type="simple" />
            <root url="jar:///Library/Java/JavaVirtualMachines/microsoft-11.jdk/Contents/Home/lib/src.zip!/jdk.crypto.ec" type="simple" />
            <root url="jar:///Library/Java/JavaVirtualMachines/microsoft-11.jdk/Contents/Home/lib/src.zip!/java.scripting" type="simple" />
            <root url="jar:///Library/Java/JavaVirtualMachines/microsoft-11.jdk/Contents/Home/lib/src.zip!/jdk.httpserver" type="simple" />
            <root url="jar:///Library/Java/JavaVirtualMachines/microsoft-11.jdk/Contents/Home/lib/src.zip!/jdk.jdwp.agent" type="simple" />
            <root url="jar:///Library/Java/JavaVirtualMachines/microsoft-11.jdk/Contents/Home/lib/src.zip!/jdk.localedata" type="simple" />
            <root url="jar:///Library/Java/JavaVirtualMachines/microsoft-11.jdk/Contents/Home/lib/src.zip!/jdk.management" type="simple" />
            <root url="jar:///Library/Java/JavaVirtualMachines/microsoft-11.jdk/Contents/Home/lib/src.zip!/jdk.naming.dns" type="simple" />
            <root url="jar:///Library/Java/JavaVirtualMachines/microsoft-11.jdk/Contents/Home/lib/src.zip!/jdk.naming.rmi" type="simple" />
            <root url="jar:///Library/Java/JavaVirtualMachines/microsoft-11.jdk/Contents/Home/lib/src.zip!/java.instrument" type="simple" />
            <root url="jar:///Library/Java/JavaVirtualMachines/microsoft-11.jdk/Contents/Home/lib/src.zip!/java.management" type="simple" />
            <root url="jar:///Library/Java/JavaVirtualMachines/microsoft-11.jdk/Contents/Home/lib/src.zip!/java.sql.rowset" type="simple" />
            <root url="jar:///Library/Java/JavaVirtualMachines/microsoft-11.jdk/Contents/Home/lib/src.zip!/java.xml.crypto" type="simple" />
            <root url="jar:///Library/Java/JavaVirtualMachines/microsoft-11.jdk/Contents/Home/lib/src.zip!/jdk.internal.ed" type="simple" />
            <root url="jar:///Library/Java/JavaVirtualMachines/microsoft-11.jdk/Contents/Home/lib/src.zip!/jdk.internal.le" type="simple" />
            <root url="jar:///Library/Java/JavaVirtualMachines/microsoft-11.jdk/Contents/Home/lib/src.zip!/jdk.naming.ldap" type="simple" />
            <root url="jar:///Library/Java/JavaVirtualMachines/microsoft-11.jdk/Contents/Home/lib/src.zip!/jdk.unsupported" type="simple" />
            <root url="jar:///Library/Java/JavaVirtualMachines/microsoft-11.jdk/Contents/Home/lib/src.zip!/java.smartcardio" type="simple" />
            <root url="jar:///Library/Java/JavaVirtualMachines/microsoft-11.jdk/Contents/Home/lib/src.zip!/jdk.internal.opt" type="simple" />
            <root url="jar:///Library/Java/JavaVirtualMachines/microsoft-11.jdk/Contents/Home/lib/src.zip!/java.datatransfer" type="simple" />
            <root url="jar:///Library/Java/JavaVirtualMachines/microsoft-11.jdk/Contents/Home/lib/src.zip!/jdk.accessibility" type="simple" />
            <root url="jar:///Library/Java/JavaVirtualMachines/microsoft-11.jdk/Contents/Home/lib/src.zip!/jdk.hotspot.agent" type="simple" />
            <root url="jar:///Library/Java/JavaVirtualMachines/microsoft-11.jdk/Contents/Home/lib/src.zip!/jdk.security.auth" type="simple" />
            <root url="jar:///Library/Java/JavaVirtualMachines/microsoft-11.jdk/Contents/Home/lib/src.zip!/jdk.security.jgss" type="simple" />
            <root url="jar:///Library/Java/JavaVirtualMachines/microsoft-11.jdk/Contents/Home/lib/src.zip!/java.security.jgss" type="simple" />
            <root url="jar:///Library/Java/JavaVirtualMachines/microsoft-11.jdk/Contents/Home/lib/src.zip!/java.security.sasl" type="simple" />
            <root url="jar:///Library/Java/JavaVirtualMachines/microsoft-11.jdk/Contents/Home/lib/src.zip!/jdk.internal.vm.ci" type="simple" />
            <root url="jar:///Library/Java/JavaVirtualMachines/microsoft-11.jdk/Contents/Home/lib/src.zip!/jdk.management.jfr" type="simple" />
            <root url="jar:///Library/Java/JavaVirtualMachines/microsoft-11.jdk/Contents/Home/lib/src.zip!/java.management.rmi" type="simple" />
            <root url="jar:///Library/Java/JavaVirtualMachines/microsoft-11.jdk/Contents/Home/lib/src.zip!/java.transaction.xa" type="simple" />
            <root url="jar:///Library/Java/JavaVirtualMachines/microsoft-11.jdk/Contents/Home/lib/src.zip!/jdk.crypto.cryptoki" type="simple" />
            <root url="jar:///Library/Java/JavaVirtualMachines/microsoft-11.jdk/Contents/Home/lib/src.zip!/jdk.internal.jvmstat" type="simple" />
            <root url="jar:///Library/Java/JavaVirtualMachines/microsoft-11.jdk/Contents/Home/lib/src.zip!/jdk.management.agent" type="simple" />
            <root url="jar:///Library/Java/JavaVirtualMachines/microsoft-11.jdk/Contents/Home/lib/src.zip!/jdk.scripting.nashorn" type="simple" />
            <root url="jar:///Library/Java/JavaVirtualMachines/microsoft-11.jdk/Contents/Home/lib/src.zip!/jdk.unsupported.desktop" type="simple" />
            <root url="jar:///Library/Java/JavaVirtualMachines/microsoft-11.jdk/Contents/Home/lib/src.zip!/jdk.internal.vm.compiler" type="simple" />
            <root url="jar:///Library/Java/JavaVirtualMachines/microsoft-11.jdk/Contents/Home/lib/src.zip!/jdk.scripting.nashorn.shell" type="simple" />
            <root url="jar:///Library/Java/JavaVirtualMachines/microsoft-11.jdk/Contents/Home/lib/src.zip!/jdk.internal.vm.compiler.management" type="simple" />
          </root>
        </sourcePath>
      </roots>
      <additional />
    </jdk>
    <jdk version="2">
      <name value="Android API 30 Platform" />
      <type value="Android SDK" />
      <homePath value="$USER_HOME$/Library/Developer/Xamarin/android-sdk-macosx" />
      <roots>
        <annotationsPath>
          <root type="composite">
            <root url="jar://$USER_HOME$/Library/Developer/Xamarin/android-sdk-macosx/platforms/android-30/data/annotations.zip!/" type="simple" />
          </root>
        </annotationsPath>
        <classPath>
          <root type="composite">
            <root url="jar://$USER_HOME$/Library/Developer/Xamarin/android-sdk-macosx/platforms/android-30/android.jar!/" type="simple" />
            <root url="file://$USER_HOME$/Library/Developer/Xamarin/android-sdk-macosx/platforms/android-30/data/res" type="simple" />
          </root>
        </classPath>
        <javadocPath>
          <root type="composite" />
        </javadocPath>
        <sourcePath>
          <root type="composite">
            <root url="file://$USER_HOME$/Library/Developer/Xamarin/android-sdk-macosx/sources/android-30" type="simple" />
          </root>
        </sourcePath>
      </roots>
      <additional jdk="11" sdk="android-30" />
    </jdk>
    <jdk version="2">
      <name value="Android API 30, S preview Platform" />
      <type value="Android SDK" />
      <homePath value="$USER_HOME$/Library/Developer/Xamarin/android-sdk-macosx" />
      <roots>
        <annotationsPath>
          <root type="composite">
            <root url="jar://$USER_HOME$/Library/Developer/Xamarin/android-sdk-macosx/platforms/android-S/data/annotations.zip!/" type="simple" />
          </root>
        </annotationsPath>
        <classPath>
          <root type="composite">
            <root url="jar://$USER_HOME$/Library/Developer/Xamarin/android-sdk-macosx/platforms/android-S/android.jar!/" type="simple" />
            <root url="file://$USER_HOME$/Library/Developer/Xamarin/android-sdk-macosx/platforms/android-S/data/res" type="simple" />
          </root>
        </classPath>
        <javadocPath>
          <root type="composite">
            <root url="http://developer.android.com/reference/" type="simple" />
          </root>
        </javadocPath>
        <sourcePath>
          <root type="composite" />
        </sourcePath>
      </roots>
      <additional jdk="11" sdk="android-S" />
    </jdk>
    <jdk version="2">
      <name value="Android API 31 Platform" />
      <type value="Android SDK" />
      <homePath value="$USER_HOME$/Library/Developer/Xamarin/android-sdk-macosx" />
      <roots>
        <annotationsPath>
          <root type="composite">
            <root url="jar://$USER_HOME$/Library/Developer/Xamarin/android-sdk-macosx/platforms/android-31/data/annotations.zip!/" type="simple" />
          </root>
        </annotationsPath>
        <classPath>
          <root type="composite">
            <root url="jar://$USER_HOME$/Library/Developer/Xamarin/android-sdk-macosx/platforms/android-31/android.jar!/" type="simple" />
            <root url="file://$USER_HOME$/Library/Developer/Xamarin/android-sdk-macosx/platforms/android-31/data/res" type="simple" />
          </root>
        </classPath>
        <javadocPath>
          <root type="composite">
            <root url="http://developer.android.com/reference/" type="simple" />
          </root>
        </javadocPath>
        <sourcePath>
          <root type="composite" />
        </sourcePath>
      </roots>
      <additional jdk="11" sdk="android-31" />
    </jdk>
  </component>
</application>