<application>
  <component name="ActionMacroManager">
    <macro name="Save Macros">
      <action id="OptimizeImports" />
      <action id="SilentCodeCleanup" />
      <action id="SaveAll" />
    </macro>
    <macro name="Format&amp;Save">
      <action id="SilentCodeCleanup" />
      <action id="SaveAll" />
    </macro>
    <macro name="Commit 1">
      <action id="CheckinProject" />
      <action id="$SelectAll" />
      <action id="EditorBackSpace" />
      <typing text-keycode="49:0">1</typing>
    </macro>
  </component>
</application>