<application>
  <component name="ProjectManager">
    <defaultProject>
      <component name="Encoding" addBOMForNewFiles="with BOM under Windows, with no BOM otherwise" />
      <component name="ProjectViewState">
        <option name="abbreviatePackageNames" value="true" />
        <option name="flattenPackages" value="true" />
        <option name="hideEmptyMiddlePackages" value="true" />
        <option name="showLibraryContents" value="true" />
      </component>
      <component name="PropertiesComponent">{
  &quot;keyToString&quot;: {
    &quot;settings.editor.selected.configurable&quot;: &quot;HotReloadSettingsPage&quot;
  }
}</component>
      <component name="WindowStateProjectService">
        <state x="460" y="219" key="Rider.ProjectTemplateDialog.Size" timestamp="1708529683824">
          <screen x="0" y="25" width="1920" height="1055" />
        </state>
        <state x="460" y="219" key="Rider.ProjectTemplateDialog.Size/0.25.1920.1055" timestamp="1708529683824" />
        <state x="491" y="189" key="SettingsEditor" timestamp="1708525345809">
          <screen x="0" y="25" width="1920" height="1055" />
        </state>
        <state x="491" y="189" key="SettingsEditor/0.25.1920.1055" timestamp="1708525345809" />
      </component>
    </defaultProject>
  </component>
</application>