<application>
  <component name="ProjectManager">
    <defaultProject>
      <component name="Encoding" addBOMForNewFiles="with BOM under Windows, with no BOM otherwise" />
      <component name="ProjectViewState">
        <option name="abbreviatePackageNames" value="true" />
        <option name="flattenPackages" value="true" />
        <option name="hideEmptyMiddlePackages" value="true" />
        <option name="showLibraryContents" value="true" />
      </component>
      <component name="PropertiesComponent">{
  &quot;keyToString&quot;: {
    &quot;settings.editor.selected.configurable&quot;: &quot;preferences.pluginManager&quot;
  }
}</component>
      <component name="WindowStateProjectService">
        <state x="560" y="285" key="Rider.ProjectTemplateDialog.Size" timestamp="1686812383982">
          <screen x="0" y="25" width="1920" height="1055" />
        </state>
        <state x="560" y="285" key="Rider.ProjectTemplateDialog.Size/0.25.1920.1055" timestamp="1686812383982" />
      </component>
    </defaultProject>
  </component>
</application>