<application>
  <component name="Trusted.Paths">
    <option name="TRUSTED_PROJECT_PATHS">
      <map>
        <entry key="$USER_HOME$/Desktop/Telegram Downloads/BasicAppiumSample" value="true" />
        <entry key="$USER_HOME$/Desktop/Telegram Downloads/BasicAppiumSample/.idea/.idea.BasicAppiumSample" value="true" />
        <entry key="$USER_HOME$/Desktop/Telegram Downloads/SolutionLR" value="true" />
        <entry key="$USER_HOME$/Desktop/Telegram Downloads/SolutionLR/.idea/.idea.SolutionLR" value="true" />
        <entry key="$USER_HOME$/Desktop/Telegram Downloads/TradeUtils" value="true" />
        <entry key="$USER_HOME$/Downloads/Beadnado" value="true" />
        <entry key="$USER_HOME$/Downloads/MathUtils" value="true" />
        <entry key="$USER_HOME$/Downloads/dotnet-devices-de64e0276ce08b43034efd8a2299069cde194f34" value="true" />
        <entry key="$USER_HOME$/Downloads/xamarin-hms-push-demo" value="true" />
        <entry key="$USER_HOME$/RiderProjects/AndroidBlankApp1" value="true" />
        <entry key="$USER_HOME$/RiderProjects/ConsoleApp1" value="true" />
        <entry key="$USER_HOME$/RiderProjects/Solution1" value="true" />
        <entry key="$USER_HOME$/RiderProjects/Solution2" value="true" />
        <entry key="$USER_HOME$/projects/AndroidApp1" value="true" />
        <entry key="$USER_HOME$/projects/AndroidApp2" value="true" />
        <entry key="$USER_HOME$/projects/ConsoleApp1" value="true" />
        <entry key="$USER_HOME$/projects/ConsoleApp1/.idea/.idea.ConsoleApp1" value="true" />
        <entry key="$USER_HOME$/projects/CoreNuGet/Core.Autofac.Extension" value="true" />
        <entry key="$USER_HOME$/projects/CoreNuGet/Core.GuiSettings" value="true" />
        <entry key="$USER_HOME$/projects/FacebookComponents/Facebook.Android/source" value="true" />
        <entry key="$USER_HOME$/projects/IOSApp1" value="true" />
        <entry key="$USER_HOME$/projects/Interview.ConverterTask" value="true" />
        <entry key="$USER_HOME$/projects/Interview_Converter_Task" value="true" />
        <entry key="$USER_HOME$/projects/MauiApp1Test" value="true" />
        <entry key="$USER_HOME$/projects/MauiApp1Test/.idea/.idea.MauiApp1Test" value="true" />
        <entry key="$USER_HOME$/projects/MyTestsForHome" value="true" />
        <entry key="$USER_HOME$/projects/MyTestsForHome/.idea/.idea.MyTestsForHome" value="true" />
        <entry key="$USER_HOME$/projects/Pure.DI" value="true" />
        <entry key="$USER_HOME$/projects/XamarinUITests/UITests" value="true" />
        <entry key="$USER_HOME$/projects/cBraltarDotNet" value="true" />
        <entry key="$USER_HOME$/projects/cBraltarDotNet/.idea/.idea.CBraltar" value="true" />
        <entry key="$USER_HOME$/projects/cTraderDesktop" value="true" />
        <entry key="$USER_HOME$/projects/cTraderDesktop/.idea/.idea.xTrader" value="true" />
        <entry key="$USER_HOME$/projects/cTraderDesktop/InternalProjects/cTraderDesktopTestRunner/Sources" value="true" />
        <entry key="$USER_HOME$/projects/cTraderDev" value="true" />
        <entry key="$USER_HOME$/projects/cTraderDev UITests" value="true" />
        <entry key="$USER_HOME$/projects/cTraderDev UITests/.idea/.idea.xTrader" value="true" />
        <entry key="$USER_HOME$/projects/cTraderDev UITests/UITests" value="true" />
        <entry key="$USER_HOME$/projects/cTraderDev UITests/UITests/.idea/.idea.xTrader.UITests" value="true" />
        <entry key="$USER_HOME$/projects/cTraderDev copy" value="true" />
        <entry key="$USER_HOME$/projects/cTraderDev copy 2" value="true" />
        <entry key="$USER_HOME$/projects/cTraderDev copy 2/.idea/.idea.xTrader" value="true" />
        <entry key="$USER_HOME$/projects/cTraderDev copy 2/UITests" value="true" />
        <entry key="$USER_HOME$/projects/cTraderDev copy 2/UITests/.idea/.idea.xTrader.UITests" value="true" />
        <entry key="$USER_HOME$/projects/cTraderDev copy 2/cDeployer.Mobile" value="true" />
        <entry key="$USER_HOME$/projects/cTraderDev copy 2/cDeployer.Mobile/.idea/.idea.cDeployer.Mobile" value="true" />
        <entry key="$USER_HOME$/projects/cTraderDev copy/InternalProjects/ProtobufGenerationScripts" value="true" />
        <entry key="$USER_HOME$/projects/cTraderDev copy/UITests" value="true" />
        <entry key="$USER_HOME$/projects/cTraderDev copy/UITests/.idea/.idea.xTrader.UITests" value="true" />
        <entry key="$USER_HOME$/projects/cTraderDev copy/cDeployer.Mobile" value="true" />
        <entry key="$USER_HOME$/projects/cTraderDev/.idea/.idea.xTrader" value="true" />
        <entry key="$USER_HOME$/projects/cTraderDev/InternalProjects/ProtobufGenerationScripts" value="true" />
        <entry key="$USER_HOME$/projects/cTraderDev/InternalProjects/ProtobufGenerationScripts/.idea/.idea.ProtobufGenerationScripts" value="true" />
        <entry key="$USER_HOME$/projects/cTraderDev/UITests" value="true" />
        <entry key="$USER_HOME$/projects/cTraderDev/UITests/.idea/.idea.xTrader.UITests" value="true" />
        <entry key="$USER_HOME$/projects/cTraderDev/cDeployer.Mobile" value="true" />
        <entry key="$USER_HOME$/projects/cTraderDev/cDeployer.Mobile/.idea/.idea.cDeployer.Mobile" value="true" />
        <entry key="$USER_HOME$/projects/cTraderDev_5_0" value="true" />
        <entry key="$USER_HOME$/projects/cTraderDev_5_0/.idea/.idea.xTrader" value="true" />
        <entry key="$USER_HOME$/projects/cTraderDev_5_0/InternalProjects/ProtobufGenerationScripts" value="true" />
        <entry key="$USER_HOME$/projects/cTraderDev_5_0/InternalProjects/ProtobufGenerationScripts/.idea/.idea.ProtobufGenerationScripts" value="true" />
        <entry key="$USER_HOME$/projects/cTraderDev_5_0/cDeployer.Mobile" value="true" />
        <entry key="$USER_HOME$/projects/cTraderDev_5_0/cDeployer.Mobile/.idea/.idea.cDeployer.Mobile" value="true" />
        <entry key="$USER_HOME$/projects/cTraderDev_5_1" value="true" />
        <entry key="$USER_HOME$/projects/cTraderDev_5_1/.idea/.idea.xTrader" value="true" />
        <entry key="$USER_HOME$/projects/cTraderDev_5_1/InternalProjects/Android/InstallReferrerAarBinding" value="true" />
        <entry key="$USER_HOME$/projects/cTraderDev_5_1/InternalProjects/ProtobufGenerationScripts" value="true" />
        <entry key="$USER_HOME$/projects/cTraderDev_5_1/InternalProjects/ProtobufGenerationScripts/.idea/.idea.ProtobufGenerationScripts" value="true" />
        <entry key="$USER_HOME$/projects/cTraderDev_5_1/InternalProjects/StrongInject" value="true" />
        <entry key="$USER_HOME$/projects/cTraderDev_5_1/InternalProjects/StrongInject2/StrongInject" value="true" />
        <entry key="$USER_HOME$/projects/cTraderDev_5_1/UITests" value="true" />
        <entry key="$USER_HOME$/projects/cTraderDev_5_1/UITests/.idea/.idea.xTrader.UITests" value="true" />
        <entry key="$USER_HOME$/projects/cTraderDev_5_1/cDeployer.Mobile" value="true" />
        <entry key="$USER_HOME$/projects/cTraderDev_5_1/cDeployer.Mobile/.idea/.idea.cDeployer.Mobile" value="true" />
        <entry key="$USER_HOME$/projects/ctrader.mac" value="true" />
        <entry key="$USER_HOME$/projects/ctrader.mac/.idea/.idea.xTrader.Mac" value="true" />
        <entry key="$USER_HOME$/projects/docs-archive/Recipes/android/other_ux/gestures/detect_a_touch" value="true" />
        <entry key="$USER_HOME$/projects/dotnet-client/src" value="true" />
        <entry key="$USER_HOME$/projects/dotnet-client/test/integration" value="true" />
        <entry key="$USER_HOME$/projects/gc" value="true" />
        <entry key="$USER_HOME$/projects/gc/apps" value="true" />
        <entry key="$USER_HOME$/projects/gc/apps/.idea/.idea.GC" value="true" />
        <entry key="$USER_HOME$/projects/gridcap-mt5/apps" value="true" />
        <entry key="$USER_HOME$/projects/gridcap-mt5/apps/.idea/.idea.GC" value="true" />
        <entry key="$USER_HOME$/projects/maui-samples/8.0/UITesting/BasicAppiumNunitSample" value="true" />
        <entry key="$USER_HOME$/projects/qa/appium/Mobile.App.Automation" value="true" />
        <entry key="$USER_HOME$/projects/stronginject" value="true" />
        <entry key="$USER_HOME$/projects/stronginject/.idea/.idea.StrongInject" value="true" />
        <entry key="$USER_HOME$/projects/test2" value="true" />
        <entry key="$USER_HOME$/projects/xamarin-binding-swift-framework/Xamarin" value="true" />
      </map>
    </option>
  </component>
</application>