<application>
  <component name="UsageFilteringRuleState">
    <option value="com.intellij.usages.impl.rules.UsageInGeneratedCodeFilteringRule" />
  </component>
  <component name="UsageViewSettings">
    <option name="IS_FILTER_DUPLICATED_LINE" value="false" />
    <option name="GROUP_BY_DIRECTORY_STRUCTURE" value="true" />
    <option name="GROUP_BY_PACKAGE" value="false" />
    <option name="IS_PREVIEW_USAGES" value="false" />
    <option name="PREVIEW_USAGES_SPLITTER_PROPORTIONS" value="0.5205793" />
  </component>
</application>