<application>
  <component name="GitRememberedInputs">
    <option name="visitedUrls">
      <list>
        <UrlAndUserName>
          <option name="url" value="http://gitlab.ctrader.com" />
          <option name="userName" value="vkonovalov@spotware.com" />
        </UrlAndUserName>
      </list>
    </option>
  </component>
  <component name="Vcs.Log.App.Settings">
    <option name="SHOW_CHANGES_FROM_PARENTS" value="true" />
    <option name="SHOW_DIFF_PREVIEW" value="true" />
    <option name="DIFF_PREVIEW_VERTICAL_SPLIT" value="false" />
    <option name="COLUMN_ID_ORDER">
      <list>
        <option value="Default.Root" />
        <option value="Default.Subject" />
        <option value="Default.Author" />
        <option value="Default.Date" />
        <option value="Space.CommitStatus" />
      </list>
    </option>
  </component>
  <component name="VcsApplicationSettings">
    <option name="COMMIT_FROM_LOCAL_CHANGES" value="true" />
    <option name="SHOW_EDITOR_PREVIEW_ON_DOUBLE_CLICK" value="false" />
  </component>
</application>