<application>
  <component name="DimensionService">
    <location key="find.popup.0.0.3840.2160@192dpi" x="796" y="836" />
    <location key="find.popup.0.0.3840.2160@240dpi" x="930" y="768" />
    <size key="GridCell.Tab.0.left.0.0.3840.2160@192dpi" width="3676" height="970" />
    <size key="GridCell.Tab.0.center.0.0.3840.2160@192dpi" width="3676" height="970" />
    <size key="GridCell.Tab.0.right.0.0.3840.2160@192dpi" width="3676" height="970" />
    <size key="GridCell.Tab.0.bottom.0.0.3840.2160@192dpi" width="3676" height="970" />
    <size key="GridCell.Tab.1.left.0.0.3840.2160@192dpi" width="3676" height="970" />
    <size key="GridCell.Tab.1.center.0.0.3840.2160@192dpi" width="3676" height="970" />
    <size key="GridCell.Tab.1.right.0.0.3840.2160@192dpi" width="3676" height="970" />
    <size key="GridCell.Tab.1.bottom.0.0.3840.2160@192dpi" width="3676" height="970" />
    <size key="GridCell.Tab.3.left.0.0.3840.2160@192dpi" width="3676" height="970" />
    <size key="GridCell.Tab.3.center.0.0.3840.2160@192dpi" width="3676" height="970" />
    <size key="GridCell.Tab.3.right.0.0.3840.2160@192dpi" width="3676" height="970" />
    <size key="GridCell.Tab.3.bottom.0.0.3840.2160@192dpi" width="3676" height="970" />
    <size key="GridCell.Tab.4.left.0.0.3840.2160@192dpi" width="3676" height="970" />
    <size key="GridCell.Tab.4.center.0.0.3840.2160@192dpi" width="3676" height="970" />
    <size key="GridCell.Tab.4.right.0.0.3840.2160@192dpi" width="3676" height="970" />
    <size key="GridCell.Tab.4.bottom.0.0.3840.2160@192dpi" width="3676" height="970" />
    <size key="GridCell.Tab.2.left.0.0.3840.2160@192dpi" width="3676" height="970" />
    <size key="GridCell.Tab.2.center.0.0.3840.2160@192dpi" width="3676" height="970" />
    <size key="GridCell.Tab.2.right.0.0.3840.2160@192dpi" width="3676" height="970" />
    <size key="GridCell.Tab.2.bottom.0.0.3840.2160@192dpi" width="3676" height="970" />
    <size key="find.popup.0.0.3840.2160@192dpi" width="2290" height="984" />
    <size key="GridCell.Tab.0.left.0.0.1920.1080" width="1859" height="388" />
    <size key="GridCell.Tab.0.center.0.0.1920.1080" width="1859" height="388" />
    <size key="GridCell.Tab.0.right.0.0.1920.1080" width="1859" height="388" />
    <size key="GridCell.Tab.0.bottom.0.0.1920.1080" width="1859" height="388" />
    <size key="GridCell.Tab.1.left.0.0.1920.1080" width="1859" height="388" />
    <size key="GridCell.Tab.1.center.0.0.1920.1080" width="1859" height="388" />
    <size key="GridCell.Tab.1.right.0.0.1920.1080" width="1859" height="388" />
    <size key="GridCell.Tab.1.bottom.0.0.1920.1080" width="1859" height="388" />
    <size key="GridCell.Tab.3.left.0.0.1920.1080" width="1859" height="388" />
    <size key="GridCell.Tab.3.center.0.0.1920.1080" width="1859" height="388" />
    <size key="GridCell.Tab.3.right.0.0.1920.1080" width="1859" height="388" />
    <size key="GridCell.Tab.3.bottom.0.0.1920.1080" width="1859" height="388" />
    <size key="GridCell.Tab.4.left.0.0.1920.1080" width="1859" height="388" />
    <size key="GridCell.Tab.4.center.0.0.1920.1080" width="1859" height="388" />
    <size key="GridCell.Tab.4.right.0.0.1920.1080" width="1859" height="388" />
    <size key="GridCell.Tab.4.bottom.0.0.1920.1080" width="1859" height="388" />
    <size key="GridCell.Tab.2.left.0.0.1920.1080" width="1859" height="388" />
    <size key="GridCell.Tab.2.center.0.0.1920.1080" width="1859" height="388" />
    <size key="GridCell.Tab.2.right.0.0.1920.1080" width="1859" height="388" />
    <size key="GridCell.Tab.2.bottom.0.0.1920.1080" width="1859" height="388" />
    <size key="GridCell.Tab.5.left.0.0.3840.2160@192dpi" width="3676" height="970" />
    <size key="GridCell.Tab.5.center.0.0.3840.2160@192dpi" width="3676" height="970" />
    <size key="GridCell.Tab.5.right.0.0.3840.2160@192dpi" width="3676" height="970" />
    <size key="GridCell.Tab.5.bottom.0.0.3840.2160@192dpi" width="3676" height="970" />
    <size key="find.popup.0.0.3840.2160@240dpi" width="2310" height="1292" />
    <size key="GridCell.Tab.0.left.0.0.3840.2160@240dpi" width="3644" height="704" />
    <size key="GridCell.Tab.0.center.0.0.3840.2160@240dpi" width="3644" height="704" />
    <size key="GridCell.Tab.0.right.0.0.3840.2160@240dpi" width="3644" height="704" />
    <size key="GridCell.Tab.0.bottom.0.0.3840.2160@240dpi" width="3644" height="704" />
    <size key="GridCell.Tab.1.left.0.0.3840.2160@240dpi" width="3644" height="704" />
    <size key="GridCell.Tab.1.center.0.0.3840.2160@240dpi" width="3644" height="704" />
    <size key="GridCell.Tab.1.right.0.0.3840.2160@240dpi" width="3644" height="704" />
    <size key="GridCell.Tab.1.bottom.0.0.3840.2160@240dpi" width="3644" height="704" />
    <size key="GridCell.Tab.2.left.0.0.3840.2160@240dpi" width="3644" height="704" />
    <size key="GridCell.Tab.2.center.0.0.3840.2160@240dpi" width="3644" height="704" />
    <size key="GridCell.Tab.2.right.0.0.3840.2160@240dpi" width="3644" height="704" />
    <size key="GridCell.Tab.2.bottom.0.0.3840.2160@240dpi" width="3644" height="704" />
    <size key="GridCell.Tab.3.left.0.0.3840.2160@240dpi" width="3644" height="704" />
    <size key="GridCell.Tab.3.center.0.0.3840.2160@240dpi" width="3644" height="704" />
    <size key="GridCell.Tab.3.right.0.0.3840.2160@240dpi" width="3644" height="704" />
    <size key="GridCell.Tab.3.bottom.0.0.3840.2160@240dpi" width="3644" height="704" />
    <size key="GridCell.Tab.4.left.0.0.3840.2160@240dpi" width="3644" height="704" />
    <size key="GridCell.Tab.4.center.0.0.3840.2160@240dpi" width="3644" height="704" />
    <size key="GridCell.Tab.4.right.0.0.3840.2160@240dpi" width="3644" height="704" />
    <size key="GridCell.Tab.4.bottom.0.0.3840.2160@240dpi" width="3644" height="704" />
    <size key="GridCell.Tab.5.left.0.0.3840.2160@240dpi" width="3644" height="704" />
    <size key="GridCell.Tab.5.center.0.0.3840.2160@240dpi" width="3644" height="704" />
    <size key="GridCell.Tab.5.right.0.0.3840.2160@240dpi" width="3644" height="704" />
    <size key="GridCell.Tab.5.bottom.0.0.3840.2160@240dpi" width="3644" height="704" />
    <size key="GridCell.Tab.6.left.0.0.3840.2160@240dpi" width="3644" height="704" />
    <size key="GridCell.Tab.6.center.0.0.3840.2160@240dpi" width="3644" height="704" />
    <size key="GridCell.Tab.6.right.0.0.3840.2160@240dpi" width="3644" height="704" />
    <size key="GridCell.Tab.6.bottom.0.0.3840.2160@240dpi" width="3644" height="704" />
  </component>
  <component name="WindowManager">
    <frame x="9" y="30" width="1904" height="1041" />
  </component>
  <component name="WindowStateApplicationService">
    <state width="886" height="175" key="ShowUsagesActions.dimensionServiceKey" timestamp="1730724772207">
      <screen x="0" y="25" width="1920" height="1055" />
    </state>
    <state width="886" height="175" key="ShowUsagesActions.dimensionServiceKey/0.25.1920.1055" timestamp="1730724772207" />
    <state x="960" y="549" width="1904" height="1041" key="WELCOME_SCREEN" timestamp="1731590402317">
      <screen x="0" y="25" width="1920" height="1055" />
    </state>
    <state x="960" y="549" width="1904" height="1041" key="WELCOME_SCREEN/0.25.1920.1055" timestamp="1731590402317" />
    <state width="375" height="646" key="manage.recent.projects.popup" timestamp="1729077129358">
      <screen x="0" y="25" width="1920" height="1055" />
    </state>
    <state width="375" height="646" key="manage.recent.projects.popup/0.25.1920.1055" timestamp="1729077129358" />
  </component>
</application>