<keymap version="1" name="IntelliJ copy" parent="Mac OS X 10.5+">
  <action id="ActivateBookmarksToolWindow" />
  <action id="ActivateBuildToolWindow">
    <keyboard-shortcut first-keystroke="meta escape" />
    <keyboard-shortcut first-keystroke="meta 4" />
  </action>
  <action id="ActivateDebugToolWindow">
    <keyboard-shortcut first-keystroke="meta 2" />
  </action>
  <action id="ActivateEventLogToolWindow">
    <keyboard-shortcut first-keystroke="shift meta 0" />
  </action>
  <action id="ActivateFindToolWindow">
    <keyboard-shortcut first-keystroke="ctrl f" />
  </action>
  <action id="ActivateHierarchyToolWindow">
    <keyboard-shortcut first-keystroke="shift ctrl h" />
  </action>
  <action id="ActivateLogcatToolWindow">
    <keyboard-shortcut first-keystroke="meta 8" />
  </action>
  <action id="ActivateNuGetToolWindow" />
  <action id="ActivateProblemsViewToolWindow">
    <keyboard-shortcut first-keystroke="meta 5" />
  </action>
  <action id="ActivateServicesToolWindow" />
  <action id="ActivateStructureToolWindow" />
  <action id="ActivateUnitTestsToolWindow">
    <keyboard-shortcut first-keystroke="meta 3" />
  </action>
  <action id="ActivateVersionControlToolWindow">
    <keyboard-shortcut first-keystroke="ctrl g" />
  </action>
  <action id="ActivateXcodeToolWindow">
    <keyboard-shortcut first-keystroke="meta 7" />
  </action>
  <action id="ActiveConfiguration">
    <keyboard-shortcut first-keystroke="ctrl y" />
  </action>
  <action id="Annotate">
    <keyboard-shortcut first-keystroke="ctrl a" />
  </action>
  <action id="BuildSolutionAction">
    <keyboard-shortcut first-keystroke="alt r" />
  </action>
  <action id="CancelBuildAction">
    <keyboard-shortcut first-keystroke="meta f9" />
    <keyboard-shortcut first-keystroke="ctrl q" />
  </action>
  <action id="CloseAllEditorsButActive">
    <keyboard-shortcut first-keystroke="shift meta w" />
  </action>
  <action id="CloseAllNotifications">
    <keyboard-shortcut first-keystroke="ctrl w" />
  </action>
  <action id="CloseProject">
    <keyboard-shortcut first-keystroke="ctrl meta close_bracket" />
  </action>
  <action id="CodeCompletion">
    <keyboard-shortcut first-keystroke="meta space" />
  </action>
  <action id="Console.Open" />
  <action id="DeviceAndSnapshotComboBox">
    <keyboard-shortcut first-keystroke="shift alt f11" />
    <keyboard-shortcut first-keystroke="alt y" />
  </action>
  <action id="DuplicatesForm.SendToRight" />
  <action id="EditorLeft">
    <keyboard-shortcut first-keystroke="left" />
  </action>
  <action id="EditorLineEnd">
    <keyboard-shortcut first-keystroke="end" />
    <keyboard-shortcut first-keystroke="meta right" />
  </action>
  <action id="EditorLineStart">
    <keyboard-shortcut first-keystroke="home" />
    <keyboard-shortcut first-keystroke="meta left" />
  </action>
  <action id="EditorRight">
    <keyboard-shortcut first-keystroke="right" />
  </action>
  <action id="ExpandAllToLevel3">
    <keyboard-shortcut first-keystroke="meta alt multiply" second-keystroke="3" />
    <keyboard-shortcut first-keystroke="meta alt multiply" second-keystroke="numpad3" />
    <keyboard-shortcut first-keystroke="ctrl z" />
  </action>
  <action id="FileChooser.GotoProject" />
  <action id="FindNext">
    <keyboard-shortcut first-keystroke="f3" />
  </action>
  <action id="FindUsages">
    <keyboard-shortcut first-keystroke="alt f7" />
    <keyboard-shortcut first-keystroke="ctrl e" />
  </action>
  <action id="FindUsagesInFile">
    <keyboard-shortcut first-keystroke="meta f7" />
    <keyboard-shortcut first-keystroke="shift ctrl e" />
  </action>
  <action id="Git.Log">
    <keyboard-shortcut first-keystroke="meta alt semicolon" />
  </action>
  <action id="GotoBookmark2" />
  <action id="GotoLinkedTypes2">
    <keyboard-shortcut first-keystroke="shift ctrl t" />
    <keyboard-shortcut first-keystroke="alt t" />
  </action>
  <action id="List-selectPreviousColumn">
    <keyboard-shortcut first-keystroke="left" />
  </action>
  <action id="Macro.Save Macros">
    <keyboard-shortcut first-keystroke="shift ctrl s" />
  </action>
  <action id="NavBar-selectHome">
    <keyboard-shortcut first-keystroke="home" />
    <keyboard-shortcut first-keystroke="meta left" />
  </action>
  <action id="NavBar-selectLeft">
    <keyboard-shortcut first-keystroke="left" />
  </action>
  <action id="ReSharperGotoImplementation">
    <keyboard-shortcut first-keystroke="ctrl b" />
  </action>
  <action id="RebuildSolutionAction">
    <keyboard-shortcut first-keystroke="shift alt b" />
  </action>
  <action id="RenameElement">
    <keyboard-shortcut first-keystroke="shift f6" />
    <keyboard-shortcut first-keystroke="ctrl r" />
  </action>
  <action id="RiderUnitTestQuickListPopupAction">
    <keyboard-shortcut first-keystroke="shift alt u" />
    <keyboard-shortcut first-keystroke="ctrl c" />
  </action>
  <action id="RiderUnitTestSessionAbortAction">
    <keyboard-shortcut first-keystroke="meta semicolon" second-keystroke="s" />
    <keyboard-shortcut first-keystroke="meta semicolon" second-keystroke="meta s" />
    <keyboard-shortcut first-keystroke="ctrl q" />
  </action>
  <action id="RunConfiguration">
    <keyboard-shortcut first-keystroke="shift ctrl y" />
  </action>
  <action id="SelectInProjectView">
    <keyboard-shortcut first-keystroke="shift ctrl l" />
  </action>
  <action id="SelectNextOccurrence" />
  <action id="SilentCodeCleanup">
    <keyboard-shortcut first-keystroke="ctrl s" />
  </action>
  <action id="Stop">
    <keyboard-shortcut first-keystroke="meta f2" />
    <keyboard-shortcut first-keystroke="ctrl q" />
  </action>
  <action id="TodoViewGroupByFlattenPackage" />
  <action id="ToggleBookmark" />
  <action id="Tree-selectParent">
    <keyboard-shortcut first-keystroke="left" />
  </action>
  <action id="UsageFiltering.WriteAccess" />
  <action id="UsageGrouping.FileStructure" />
  <action id="Vcs.Log.ShowDiffPreview">
    <keyboard-shortcut first-keystroke="meta alt quote" />
  </action>
  <action id="Vcs.QuickListPopupAction">
    <keyboard-shortcut first-keystroke="ctrl v" />
    <keyboard-shortcut first-keystroke="meta g" />
  </action>
</keymap>