<application>
  <component name="com.intellij.ide.ui.customization.CustomActionsSchema">
    <group value="NavBarVcsGroup" is_group="true" forse_popup="false" action_type="-1" position="2">
      <path value="root" />
      <path value="Navigation Bar Toolbar" />
    </group>
    <group value="RunConfiguration" is_action="true" action_type="-1" position="0">
      <path value="root" />
      <path value="Navigation Bar Toolbar" />
      <path value="Toolbar Run Actions" />
    </group>
    <group value="RunConfiguration" is_action="true" action_type="1" position="2">
      <path value="root" />
      <path value="Navigation Bar Toolbar" />
      <path value="Toolbar Run Actions" />
    </group>
  </component>
</application>