<application>
  <component name="DiffSettings">
    <option name="PLACES_MAP">
      <entry key="Default">
        <PlaceSettings>
          <option name="DIFF_TOOLS_ORDER">
            <list>
              <option value="com.intellij.openapi.vcs.changes.patch.tool.ApplyPatchDiffTool" />
              <option value="com.intellij.diff.tools.combined.CombinedUnifiedDiffTool" />
              <option value="com.intellij.diff.tools.combined.CombinedSideBySideDiffTool" />
              <option value="com.intellij.diff.tools.simple.SimpleDiffTool" />
              <option value="com.intellij.diff.tools.fragmented.UnifiedDiffTool" />
              <option value="com.intellij.diff.tools.binary.BinaryDiffTool" />
              <option value="com.intellij.diff.tools.dir.DirDiffTool" />
              <option value="com.jetbrains.rider.vcs.diff.AssemblyDiffTool" />
              <option value="com.intellij.openapi.vcs.changes.patch.tool.PatchDiffTool.Unified" />
              <option value="com.intellij.openapi.vcs.changes.patch.tool.PatchDiffTool.SideBySide" />
              <option value="com.intellij.ml.llm.core.diff.AIOneSideDiffTool" />
              <option value="com.intellij.ml.llm.core.diff.AIUnifiedDiffTool" />
              <option value="com.intellij.ml.llm.core.diff.AITwoSideDiffTool" />
            </list>
          </option>
        </PlaceSettings>
      </entry>
      <entry key="VcsLogView">
        <PlaceSettings>
          <option name="DIFF_TOOLS_ORDER">
            <list>
              <option value="com.intellij.diff.tools.fragmented.UnifiedDiffTool" />
              <option value="com.intellij.diff.tools.simple.SimpleDiffTool" />
              <option value="com.intellij.openapi.vcs.changes.patch.tool.ApplyPatchDiffTool" />
              <option value="com.intellij.openapi.vcs.changes.patch.tool.PatchDiffTool" />
              <option value="com.intellij.diff.tools.combined.CombinedUnifiedDiffTool" />
              <option value="com.intellij.diff.tools.combined.CombinedSideBySideDiffTool" />
              <option value="com.jetbrains.rider.vcs.diff.AssemblyDiffTool" />
              <option value="com.intellij.diff.tools.binary.BinaryDiffTool" />
              <option value="com.intellij.diff.tools.dir.DirDiffTool" />
            </list>
          </option>
        </PlaceSettings>
      </entry>
    </option>
  </component>
  <component name="ExternalDiffSettings">
    <option name="MIGRATE_OLD_SETTINGS" value="true" />
  </component>
  <component name="TextDiffSettings">
    <option name="PLACES_MAP">
      <entry key="Default">
        <PlaceSettings>
          <option name="IGNORE_POLICY" value="TRIM_WHITESPACES" />
          <option name="USE_SOFT_WRAPS" value="true" />
        </PlaceSettings>
      </entry>
      <entry key="VcsFileHistoryView">
        <PlaceSettings>
          <option name="EXPAND_BY_DEFAULT" value="false" />
          <option name="IGNORE_POLICY" value="IGNORE_WHITESPACES" />
        </PlaceSettings>
      </entry>
      <entry key="VcsLogView">
        <PlaceSettings>
          <option name="EXPAND_BY_DEFAULT" value="false" />
          <option name="IGNORE_POLICY" value="TRIM_WHITESPACES" />
        </PlaceSettings>
      </entry>
    </option>
  </component>
</application>