<application>
  <component name="CodeInsightSettings">
    <option name="AUTO_POPUP_JAVADOC_INFO" value="true" />
  </component>
  <component name="CodeVisionSettings">
    <option name="codeVisionGroupToPosition">
      <map>
        <entry key="Usages" value="Right" />
      </map>
    </option>
    <option name="disabledCodeVisionProviderIds">
      <set>
        <option value="Exposing API" />
        <option value="IL code" />
        <option value="UFunctions implementations" />
        <option value="UProperties write access" />
        <option value="VcsAuthorCodeLensProvider" />
        <option value="derived blueprint class" />
      </set>
    </option>
    <option name="enabled" value="false" />
  </component>
  <component name="InlineCompletionOnboarding">
    <option name="onboardingFinished" value="true" />
  </component>
  <component name="JsonEditorOptions">
    <option name="COMMA_ON_ENTER" value="false" />
    <option name="COMMA_ON_MATCHING_BRACES" value="false" />
    <option name="COMMA_ON_PASTE" value="false" />
    <option name="AUTO_QUOTE_PROP_NAME" value="false" />
    <option name="AUTO_WHITESPACE_AFTER_COLON" value="false" />
    <option name="ESCAPE_PASTED_TEXT" value="false" />
  </component>
  <component name="TodoConfiguration">
    <pattern case-sensitive="true" pattern="(?&lt;=\W|^)(?&lt;TAG&gt;TODO)(\W|$)(.*)" />
    <pattern case-sensitive="true" pattern="(?&lt;=\W|^)(?&lt;TAG&gt;BUG:)(\W|$)(.*)" />
    <pattern case-sensitive="true" pattern="\bNotImplementedException\b" />
  </component>
</application>