<application>
  <component name="FileTypeManager" version="19">
    <ignoreFiles list="*.pyc;*.pyo;*.rbc;*.yarb;.DS_Store;.git;.hg;.mypy_cache;.pytest_cache;.ruff_cache;.svn;CVS;__pycache__;_svn;vssver.scc;vssver2.scc" />
    <extensionMap>
      <mapping ext="bat" type="PLAIN_TEXT" />
      <mapping ext="runsettings" type="XML" />
      <removed_mapping ext="pbtx" approved="true" type="AUTO_DETECTED" />
      <removed_mapping ext="pbtx" approved="true" type="JSON" />
      <removed_mapping ext="pbtx" approved="true" type="JSON-lines" />
      <removed_mapping pattern=".prettierrc" approved="true" type="JSON" />
      <mapping ext=".model" type="Tabnine project model file" />
      <mapping ext=".tabnine" type="Tabnine project model file" />
      <mapping ext=".tabnine.model" type="Tabnine project model file" />
      <mapping ext="model" type="Tabnine project model file" />
      <mapping ext="tabnine" type="Tabnine project model file" />
    </extensionMap>
  </component>
</application>