<application>
  <component name="GeneralSettings">
    <option name="reopenLastProject" value="false" />
    <option name="confirmExit" value="false" />
    <option name="confirmOpenNewProject2" value="-1" />
  </component>
  <component name="Registry">
    <entry key="ide.experimental.ui" value="true" source="SYSTEM" />
    <entry key="actionSystem.fix.alt.gr" value="false" source="SYSTEM" />
    <entry key="search.everywhere.settings" value="true" source="SYSTEM" />
    <entry key="terminal.new.ui" value="true" source="SYSTEM" />
  </component>
  <component name="StatusBar">
    <option name="widgets">
      <map>
        <entry key="CwmWireStatsWidgetFactory" value="false" />
        <entry key="Encoding" value="false" />
        <entry key="LineSeparator" value="false" />
        <entry key="Notifications" value="false" />
        <entry key="Position" value="false" />
        <entry key="ReadOnlyAttribute" value="false" />
        <entry key="RoslynIcon" value="false" />
        <entry key="SolutionAnalysisIcon" value="false" />
        <entry key="com.intellij.psi.codeStyle.statusbar.CodeStyleStatusBarWidget" value="false" />
        <entry key="com.tabnine.statusBar.TabnineStatusBarWidget" value="false" />
        <entry key="git" value="false" />
      </map>
    </option>
  </component>
</application>