<application>
  <component name="LafManager">
    <laf themeId="3ef5925f-3169-46ca-ba19-96a58f317428" />
    <lafs-to-previous-schemes>
      <laf-to-scheme laf="3ef5925f-3169-46ca-ba19-96a58f317428" scheme="_@user_Gruvbox Dark Hard" />
      <laf-to-scheme laf="4f556d32-83cb-4b8b-9932-c4eccc4ce3af" scheme="_@user_Default" />
      <laf-to-scheme laf="Darcula" scheme="_@user_Darcula" />
      <laf-to-scheme laf="Rider Dark" scheme="_@user_Rider Dark" />
      <laf-to-scheme laf="RiderDay" scheme="_@user_Rider Dark" />
    </lafs-to-previous-schemes>
  </component>
</application>