<application>
  <component name="BlockTerminalUsage">
    <option name="blockTerminalUsedLastTimeMillis" value="1746099753526" />
    <option name="blockTerminalUsedLastVersion" value="251.23774.424" />
    <shellToExecutedCommandsNumber>
      <entry key="zsh" value="19" />
    </shellToExecutedCommandsNumber>
  </component>
  <component name="ReworkedTerminalUsage"><![CDATA[{}]]></component>
  <component name="TerminalOptionsProvider">
    <option name="terminalEngine" value="NEW_TERMINAL" />
  </component>
  <component name="TextToCommandPromptsHistory">
    <option name="history">
      <option value="yi &amp;&amp; yb &amp;&amp; yc" />
    </option>
  </component>
</application>