<application>
  <component name="DimensionService">
    <location key="find.popup.0.0.3840.2160@240dpi" x="1320" y="294" />
    <size key="GridCell.Tab.0.left.0.0.3840.2160@240dpi" width="3644" height="606" />
    <size key="GridCell.Tab.0.center.0.0.3840.2160@240dpi" width="3644" height="606" />
    <size key="GridCell.Tab.0.right.0.0.3840.2160@240dpi" width="3644" height="606" />
    <size key="GridCell.Tab.0.bottom.0.0.3840.2160@240dpi" width="3644" height="606" />
    <size key="find.popup.0.0.3840.2160@240dpi" width="1582" height="1200" />
  </component>
  <component name="WindowManager">
    <frame x="8" y="43" width="1244" height="1065" />
  </component>
  <component name="WindowStateApplicationService">
    <state x="864" y="532" width="1000" height="813" key="WELCOME_SCREEN" timestamp="1744529959133">
      <screen x="0" y="38" width="1728" height="1079" />
    </state>
    <state x="864" y="532" width="1000" height="813" key="WELCOME_SCREEN/0.38.1728.1079" timestamp="1744529959133" />
  </component>
</application>