<application>
  <component name="DimensionService">
    <location key="find.popup.0.0.3840.2160@240dpi" x="1320" y="294" />
    <location key="find.popup.0.0.3456.2234@192dpi" x="788" y="356" />
    <size key="GridCell.Tab.0.left.0.0.3840.2160@240dpi" width="3644" height="606" />
    <size key="GridCell.Tab.0.center.0.0.3840.2160@240dpi" width="3644" height="606" />
    <size key="GridCell.Tab.0.right.0.0.3840.2160@240dpi" width="3644" height="606" />
    <size key="GridCell.Tab.0.bottom.0.0.3840.2160@240dpi" width="3644" height="606" />
    <size key="find.popup.0.0.3840.2160@240dpi" width="1582" height="1200" />
    <size key="find.popup.0.0.3456.2234@192dpi" width="1408" height="984" />
    <size key="GridCell.Tab.0.left.0.0.3456.2234@192dpi" width="3294" height="666" />
    <size key="GridCell.Tab.0.center.0.0.3456.2234@192dpi" width="3294" height="666" />
    <size key="GridCell.Tab.0.right.0.0.3456.2234@192dpi" width="3294" height="666" />
    <size key="GridCell.Tab.0.bottom.0.0.3456.2234@192dpi" width="3294" height="666" />
    <size key="GridCell.Tab.1.left.0.0.3456.2234@192dpi" width="2356" height="638" />
    <size key="GridCell.Tab.1.center.0.0.3456.2234@192dpi" width="2356" height="638" />
    <size key="GridCell.Tab.1.right.0.0.3456.2234@192dpi" width="2356" height="638" />
    <size key="GridCell.Tab.1.bottom.0.0.3456.2234@192dpi" width="2356" height="638" />
    <size key="GridCell.Tab.2.left.0.0.3456.2234@192dpi" width="2356" height="638" />
    <size key="GridCell.Tab.2.center.0.0.3456.2234@192dpi" width="2356" height="638" />
    <size key="GridCell.Tab.2.right.0.0.3456.2234@192dpi" width="2356" height="638" />
    <size key="GridCell.Tab.2.bottom.0.0.3456.2234@192dpi" width="2356" height="638" />
    <size key="GridCell.Tab.3.left.0.0.3456.2234@192dpi" width="2356" height="638" />
    <size key="GridCell.Tab.3.center.0.0.3456.2234@192dpi" width="2356" height="638" />
    <size key="GridCell.Tab.3.right.0.0.3456.2234@192dpi" width="2356" height="638" />
    <size key="GridCell.Tab.3.bottom.0.0.3456.2234@192dpi" width="2356" height="638" />
    <size key="GridCell.Tab.0.left.0.0.1920.1080" width="1178" height="333" />
    <size key="GridCell.Tab.0.center.0.0.1920.1080" width="1178" height="333" />
    <size key="GridCell.Tab.0.right.0.0.1920.1080" width="1178" height="333" />
    <size key="GridCell.Tab.0.bottom.0.0.1920.1080" width="1178" height="333" />
  </component>
  <component name="WindowManager">
    <frame x="8" y="39" width="1244" height="1069" />
  </component>
  <component name="WindowStateApplicationService">
    <state width="821" height="161" key="ShowUsagesActions.dimensionServiceKey" timestamp="1763037005261">
      <screen x="0" y="34" width="1728" height="1083" />
    </state>
    <state width="821" height="161" key="ShowUsagesActions.dimensionServiceKey/0.34.1728.1083" timestamp="1763037005261" />
    <state x="864" y="572" width="1244" height="1069" key="WELCOME_SCREEN" timestamp="1764223891835">
      <screen x="0" y="34" width="1728" height="1083" />
    </state>
    <state x="959" y="550" width="1383" height="1042" key="WELCOME_SCREEN/0.25.1920.1055" timestamp="1756023499000" />
    <state x="864" y="572" width="1244" height="1069" key="WELCOME_SCREEN/0.34.1728.1083" timestamp="1764223891835" />
    <state x="864" y="574" width="1244" height="1065" key="WELCOME_SCREEN/0.38.1728.1079" timestamp="1759999904173" />
  </component>
</application>