<application>
  <component name="DimensionService">
    <location key="find.popup.0.0.3840.2160@240dpi" x="1320" y="294" />
    <size key="GridCell.Tab.0.left.0.0.3840.2160@240dpi" width="3644" height="606" />
    <size key="GridCell.Tab.0.center.0.0.3840.2160@240dpi" width="3644" height="606" />
    <size key="GridCell.Tab.0.right.0.0.3840.2160@240dpi" width="3644" height="606" />
    <size key="GridCell.Tab.0.bottom.0.0.3840.2160@240dpi" width="3644" height="606" />
    <size key="find.popup.0.0.3840.2160@240dpi" width="1582" height="1200" />
  </component>
  <component name="WindowManager">
    <frame x="9" y="30" width="1904" height="1041" fullScreen="true" />
  </component>
</application>