<keymap version="1" name="IntelliJ IDEA Classic copy" parent="Mac OS X">
  <action id="ActivateBookmarksToolWindow" />
  <action id="ActivateBuildToolWindow">
    <keyboard-shortcut first-keystroke="meta 4" />
  </action>
  <action id="ActivateCommitToolWindow" />
  <action id="ActivateFindToolWindow">
    <keyboard-shortcut first-keystroke="ctrl f" />
  </action>
  <action id="ActivateRunToolWindow">
    <keyboard-shortcut first-keystroke="meta 9" />
  </action>
  <action id="ActivateTerminalToolWindow" />
  <action id="ActivateVersionControlToolWindow">
    <keyboard-shortcut first-keystroke="ctrl g" />
  </action>
  <action id="Annotate">
    <keyboard-shortcut first-keystroke="ctrl a" />
  </action>
  <action id="Back">
    <mouse-shortcut keystroke="button4" />
    <keyboard-shortcut first-keystroke="meta open_bracket" />
  </action>
  <action id="CloseActiveTab" />
  <action id="CloseContent">
    <keyboard-shortcut first-keystroke="meta w" />
  </action>
  <action id="Console.Open">
    <keyboard-shortcut first-keystroke="shift meta f10" />
    <keyboard-shortcut first-keystroke="alt f12" />
  </action>
  <action id="DBNavigator.Actions.SourceEditor.Save" />
  <action id="Debug">
    <keyboard-shortcut first-keystroke="ctrl d" />
  </action>
  <action id="EditorCodeBlockEnd" />
  <action id="EditorCodeBlockStart" />
  <action id="EditorSelectWord">
    <keyboard-shortcut first-keystroke="ctrl meta up" />
  </action>
  <action id="EditorUnSelectWord">
    <keyboard-shortcut first-keystroke="ctrl meta down" />
  </action>
  <action id="FindInPath">
    <keyboard-shortcut first-keystroke="shift meta f" />
  </action>
  <action id="FindUsages">
    <keyboard-shortcut first-keystroke="ctrl e" />
  </action>
  <action id="Forward">
    <mouse-shortcut keystroke="button5" />
    <keyboard-shortcut first-keystroke="meta close_bracket" />
  </action>
  <action id="Macro.Save All Macros">
    <keyboard-shortcut first-keystroke="meta s" />
  </action>
  <action id="Run">
    <keyboard-shortcut first-keystroke="ctrl r" />
  </action>
  <action id="SaveAll" />
  <action id="SelectNextOccurrence" />
  <action id="SmartSelect" />
  <action id="TodoViewGroupByFlattenPackage" />
  <action id="UnselectPreviousOccurrence" />
  <action id="UsageFiltering.ReadAccess" />
  <action id="UsageGrouping.DirectoryStructure" />
  <action id="Vcs.ShowTabbedFileHistory">
    <keyboard-shortcut first-keystroke="shift ctrl g" />
  </action>
  <action id="android.deploy.ApplyChanges">
    <keyboard-shortcut first-keystroke="ctrl meta e" />
  </action>
  <action id="android.deploy.CodeSwap">
    <keyboard-shortcut first-keystroke="shift ctrl meta e" />
  </action>
</keymap>