<code_scheme name="Default" version="173">
  <XML>
    <option name="XML_ATTRIBUTE_WRAP" value="0" />
    <option name="XML_TEXT_WRAP" value="0" />
    <option name="XML_ALIGN_ATTRIBUTES" value="false" />
    <option name="XML_SPACE_INSIDE_EMPTY_TAG" value="true" />
  </XML>
  <codeStyleSettings language="XML">
    <option name="LINE_COMMENT_AT_FIRST_COLUMN" value="false" />
    <option name="BLOCK_COMMENT_AT_FIRST_COLUMN" value="false" />
    <option name="FORCE_REARRANGE_MODE" value="2" />
    <indentOptions>
      <option name="INDENT_SIZE" value="2" />
    </indentOptions>
    <arrangement>
      <rules />
    </arrangement>
  </codeStyleSettings>
</code_scheme>