<keymap version="1" name="IntelliJ (OSX) copy" parent="Mac OS X 10.5+">
  <action id="CodeCompletion">
    <keyboard-shortcut first-keystroke="shift space" />
  </action>
  <action id="FindUsages">
    <keyboard-shortcut first-keystroke="alt f7" />
    <keyboard-shortcut first-keystroke="ctrl meta b" />
  </action>
  <action id="Macro.Save With CleanUp">
    <keyboard-shortcut first-keystroke="shift ctrl s" />
  </action>
  <action id="ReSharperGotoImplementation">
    <keyboard-shortcut first-keystroke="alt b" />
  </action>
  <action id="SaveAll">
    <keyboard-shortcut first-keystroke="meta s" />
    <keyboard-shortcut first-keystroke="alt s" />
  </action>
</keymap>