<application>
  <component name="UpdatesConfigurable">
    <ignoredBuildNumbers>
      <item value="cmdline-tools;latest#13.0" />
      <item value="system-images;android-34;google_apis;arm64-v8a#13" />
      <item value="system-images;android-34;google_apis_playstore;arm64-v8a#13" />
    </ignoredBuildNumbers>
    <option name="LAST_BUILD_CHECKED" value="AI-233.14808.21.2331.11709847" />
    <option name="LAST_TIME_CHECKED" value="1714796179081" />
    <option name="OBSOLETE_CUSTOM_REPOSITORIES_CLEAN_NEEDED" value="false" />
    <option name="THIRD_PARTY_PLUGINS_ALLOWED" value="true" />
  </component>
</application>